Order_ID,Order_Date,Customer_ID,Customer_Name,Gender,Age,City,Region,Product_Category,Product_Name,Quantity,Unit_Price,Discount_Percent,Sales,Cost,Profit,Payment_Mode,Rating,Sales_Calculated,Sales_Mismatch,Profit_Mismatch,Sales_Outlier,Profit_Outlier,Order_Year,Order_Month,Order_Month_Name,Order_Weekday,Profit_Margin_%
ORD1964,2024-01-05,C0964,Ajay Sharma,Female,20,Pune,West,Fruits,Banana Dozen,5,339,15,1440.75,1106.96,333.79,UPI,1,1440.75,False,False,False,False,2024,1,Jan,Friday,23.17
ORD1693,2024-01-06,C0693,Kavya Kannan,Female,20,Pune,West,Household,Cleaner,8,489,10,3520.8,2635.5,885.3,Cash,5,3520.8,False,False,False,False,2024,1,Jan,Saturday,25.14
ORD1974,2024-01-06,C0974,Karthik Joseph,Male,51,Bangalore,West,Grocery,Rice 5Kg,6,520,20,2496.0,1872.0,624.0,Cash,3,2496.0,False,False,False,False,2024,1,Jan,Saturday,25.0
ORD1729,2024-01-06,C0729,Priya Raj,Female,39,Pune,West,Beverages,Coffee Powder,2,484,10,871.2,647.4,223.8,UPI,5,871.2,False,False,False,False,2024,1,Jan,Saturday,25.69
ORD1720,2024-01-07,C0720,Divya Singh,Male,48,Madurai,South,Vegetables,Tomato 1Kg,4,474,15,1611.6,1276.88,334.72,Card,3,1611.6,False,False,False,False,2024,1,Jan,Sunday,20.77
ORD1800,2024-01-08,C0800,Divya Patel,Male,46,Trichy,South,Fruits,Orange 1Kg,9,758,15,5798.7,3878.52,1920.18,UPI,4,5798.7,False,False,False,True,2024,1,Jan,Monday,33.11
ORD1418,2024-01-08,C0418,Vignesh Verma,Female,59,Chennai,South,Fruits,Apple 1Kg,1,616,20,492.8,310.2,182.6,UPI,3,492.8,False,False,False,False,2024,1,Jan,Monday,37.05
ORD1771,2024-01-09,C0771,Meena Mohan,Male,21,Kochi,South,Snacks,Biscuits Pack,5,642,10,2889.0,1943.62,945.38,UPI,5,2889.0,False,False,False,False,2024,1,Jan,Tuesday,32.72
ORD1173,2024-01-09,C0173,Suresh Sharma,Male,45,Kochi,South,Grocery,Sugar 5Kg,10,694,15,5899.0,3960.81,1938.19,UPI,3,5899.0,False,False,False,True,2024,1,Jan,Tuesday,32.86
ORD1938,2024-01-09,C0938,Lakshmi Raj,Female,36,Chennai,South,Grocery,Cooking Oil 1L,1,347,0,347.0,290.05,56.95,Card,5,347.0,False,False,False,False,2024,1,Jan,Tuesday,16.41
ORD1916,2024-01-10,C0916,Ravi Reddy,Male,52,Salem,South,Dairy,Milk 1L,3,667,20,1600.8,965.88,634.92,Cash,3,1600.8,False,False,False,False,2024,1,Jan,Wednesday,39.66
ORD1274,2024-01-13,C0274,Arun Yadav,Female,38,Pune,West,Dairy,Cheese,10,97,20,776.0,638.01,137.99,UPI,4,776.0,False,False,False,False,2024,1,Jan,Saturday,17.78
ORD1221,2024-01-13,C0221,Anitha Kannan,Male,51,Kochi,South,Household,Cleaner,1,31,20,24.8,18.3,6.5,Cash,3,24.8,False,False,False,False,2024,1,Jan,Saturday,26.21
ORD1706,2024-01-17,C0706,Pooja Mohan,Male,19,Coimbatore,South,Fruits,Apple 1Kg,3,39,5,111.15,69.8,41.35,UPI,4,111.15,False,False,False,False,2024,1,Jan,Wednesday,37.2
ORD1206,2024-01-17,C0206,Dinesh Reddy,Male,31,Madurai,South,Dairy,Yogurt Pack,1,701,15,595.85,449.11,146.74,UPI,1,595.85,False,False,False,False,2024,1,Jan,Wednesday,24.63
ORD1927,2024-01-18,C0927,Aarthi Gupta,Female,53,Madurai,South,Dairy,Yogurt Pack,4,395,0,1580.0,1028.3,551.7,Card,2,1580.0,False,False,False,False,2024,1,Jan,Thursday,34.92
ORD1496,2024-01-20,C0496,Kavya Sharma,Female,59,Pune,West,Beverages,Soft Drink,5,703,10,3163.5,2581.64,581.86,Card,2,3163.5,False,False,False,False,2024,1,Jan,Saturday,18.39
ORD1756,2024-01-21,C0756,Nisha Reddy,Female,61,Bangalore,West,Beverages,Soft Drink,4,480,0,1920.0,1258.33,661.67,Cash,3,1920.0,False,False,False,False,2024,1,Jan,Sunday,34.46
ORD1075,2024-01-22,C0075,Suresh Gupta,Female,54,Madurai,South,Fruits,Apple 1Kg,4,715,20,2288.0,1708.63,579.37,UPI,2,2288.0,False,False,False,False,2024,1,Jan,Monday,25.32
ORD1913,2024-01-22,C0913,Nisha Patel,Female,28,Trichy,South,Snacks,Biscuits Pack,10,527,5,5006.5,3814.41,1192.09,UPI,4,5006.5,False,False,False,False,2024,1,Jan,Monday,23.81
ORD1777,2024-01-23,C0777,Keerthana Kannan,Male,34,Coimbatore,South,Fruits,Orange 1Kg,6,592,5,3374.4,2175.26,1199.14,UPI,1,3374.4,False,False,False,False,2024,1,Jan,Tuesday,35.54
ORD1459,2024-01-23,C0459,Deepa Joseph,Male,24,Bangalore,West,Household,Detergent,1,180,0,180.0,151.64,28.36,Card,3,180.0,False,False,False,False,2024,1,Jan,Tuesday,15.76
ORD1951,2024-01-24,C0951,Suresh Paul,Female,35,Bangalore,West,Personal Care,Shampoo,7,509,5,3384.85,2076.67,1308.18,Card,2,3384.85,False,False,False,False,2024,1,Jan,Wednesday,38.65
ORD1338,2024-01-27,C0338,Keerthana Singh,Female,36,Delhi,North,Dairy,Milk 1L,7,701,10,4416.3,3401.39,1014.91,Card,4,4416.3,False,False,False,False,2024,1,Jan,Saturday,22.98
ORD1051,2024-01-28,C0051,Nisha Raj,Male,59,Mumbai,West,Snacks,Namkeen,1,428,20,342.4,253.75,88.65,Card,2,342.4,False,False,False,False,2024,1,Jan,Sunday,25.89
ORD1036,2024-01-29,C0036,Karthik Singh,Male,34,Bangalore,West,Beverages,Juice Pack,9,434,20,3124.8,2133.57,991.23,UPI,5,3124.8,False,False,False,False,2024,1,Jan,Monday,31.72
ORD1430,2024-01-29,C0430,Harini Singh,Female,25,Bangalore,West,Household,Detergent,8,722,15,4909.6,4046.15,863.45,Card,1,4909.6,False,False,False,False,2024,1,Jan,Monday,17.59
ORD1537,2024-01-30,C0537,Manoj Yadav,Female,61,Delhi,North,Beverages,Juice Pack,6,578,15,2947.8,1806.06,1141.74,UPI,1,2947.8,False,False,False,False,2024,1,Jan,Tuesday,38.73
ORD1792,2024-01-31,C0792,Vijay Sharma,Female,26,Hyderabad,East,Personal Care,Toothpaste,4,474,15,1611.6,1310.61,300.99,Cash,2,1611.6,False,False,False,False,2024,1,Jan,Wednesday,18.68
ORD1017,2024-02-02,C0017,Rohit Joseph,Female,22,Trichy,South,Dairy,Yogurt Pack,1,97,0,97.0,63.75,33.25,Cash,2,97.0,False,False,False,False,2024,2,Feb,Friday,34.28
ORD1518,2024-02-03,C0518,Priya Singh,Female,39,Coimbatore,South,Dairy,Milk 1L,3,81,10,218.7,133.23,85.47,UPI,1,218.7,False,False,False,False,2024,2,Feb,Saturday,39.08
ORD1283,2024-02-06,C0283,Sneha Joseph,Female,32,Bangalore,West,Grocery,Cooking Oil 1L,7,178,5,1183.7,985.77,197.93,Card,2,1183.7,False,False,False,False,2024,2,Feb,Tuesday,16.72
ORD1304,2024-02-08,C0304,Ajay Sharma,Male,21,Trichy,South,Snacks,Namkeen,8,580,10,4176.0,2688.88,1487.12,UPI,5,4176.0,False,False,False,False,2024,2,Feb,Thursday,35.61
ORD1829,2024-02-09,C0829,Vijay Verma,Male,42,Kochi,South,Vegetables,Potato 2Kg,5,681,20,2724.0,1682.91,1041.09,Cash,2,2724.0,False,False,False,False,2024,2,Feb,Friday,38.22
ORD1895,2024-02-09,C0895,Hari Kumar,Female,30,Delhi,North,Snacks,Biscuits Pack,3,259,0,777.0,491.9,285.1,UPI,4,777.0,False,False,False,False,2024,2,Feb,Friday,36.69
ORD1356,2024-02-10,C0356,Hari Verma,Female,41,Salem,South,Household,Mop Set,8,76,0,608.0,488.4,119.6,Cash,3,608.0,False,False,False,False,2024,2,Feb,Saturday,19.67
ORD1801,2024-02-10,C0801,Harini Rao,Male,36,Bangalore,West,Dairy,Yogurt Pack,10,527,15,4479.5,3205.86,1273.64,Cash,4,4479.5,False,False,False,False,2024,2,Feb,Saturday,28.43
ORD1839,2024-02-12,C0839,Arun Paul,Male,31,Salem,South,Grocery,Rice 5Kg,1,706,20,564.8,450.32,114.48,Cash,1,564.8,False,False,False,False,2024,2,Feb,Monday,20.27
ORD1718,2024-02-12,C0718,Meena Babu,Male,28,Madurai,South,Household,Detergent,10,649,0,6490.0,5230.31,1259.69,Cash,1,6490.0,False,False,True,False,2024,2,Feb,Monday,19.41
ORD1154,2024-02-13,C0154,Anitha Joseph,Female,57,Delhi,North,Fruits,Banana Dozen,7,195,15,1160.25,798.12,362.13,Card,3,1160.25,False,False,False,False,2024,2,Feb,Tuesday,31.21
ORD1225,2024-02-13,C0225,Dinesh Reddy,Male,31,Pune,West,Household,Mop Set,6,604,0,3624.0,2985.08,638.92,Cash,5,3624.0,False,False,False,False,2024,2,Feb,Tuesday,17.63
ORD1882,2024-02-13,C0882,Hari Rao,Female,28,Mumbai,West,Personal Care,Toothpaste,6,275,20,1320.0,1017.75,302.25,Cash,5,1320.0,False,False,False,False,2024,2,Feb,Tuesday,22.9
ORD1990,2024-02-14,C0990,Anitha Nair,Male,21,Bangalore,West,Dairy,Yogurt Pack,9,30,0,270.0,179.53,90.47,Card,1,270.0,False,False,False,False,2024,2,Feb,Wednesday,33.51
ORD1686,2024-02-15,C0686,Sanjay Singh,Male,49,Mumbai,West,Vegetables,Onion 1Kg,7,170,10,1071.0,673.88,397.12,Card,3,1071.0,False,False,False,False,2024,2,Feb,Thursday,37.08
ORD1702,2024-02-16,C0702,Shalini Gupta,Male,44,Madurai,South,Beverages,Coffee Powder,8,208,5,1580.8,1281.6,299.2,Cash,3,1580.8,False,False,False,False,2024,2,Feb,Friday,18.93
ORD1151,2024-02-18,C0151,Aakash Rao,Female,35,Kochi,South,Personal Care,Toothpaste,5,62,5,294.5,197.76,96.74,UPI,3,294.5,False,False,False,False,2024,2,Feb,Sunday,32.85
ORD1715,2024-02-18,C0715,Lakshmi Patel,Male,40,Hyderabad,East,Household,Detergent,8,335,5,2546.0,1660.9,885.1,Card,3,2546.0,False,False,False,False,2024,2,Feb,Sunday,34.76
ORD1113,2024-02-22,C0113,Hari Krishnan,Female,56,Madurai,South,Vegetables,Onion 1Kg,7,387,15,2302.65,1881.32,421.33,Card,3,2302.65,False,False,False,False,2024,2,Feb,Thursday,18.3
ORD1908,2024-02-22,C0908,Karthik Yadav,Male,31,Pune,West,Fruits,Apple 1Kg,3,309,5,880.65,587.93,292.72,Cash,1,880.65,False,False,False,False,2024,2,Feb,Thursday,33.24
ORD1883,2024-02-22,C0883,Rohit Singh,Female,49,Madurai,South,Dairy,Milk 1L,6,161,20,772.8,531.94,240.86,Card,2,772.8,False,False,False,False,2024,2,Feb,Thursday,31.17
ORD1376,2024-02-24,C0376,Vijay Kannan,Male,30,Chennai,South,Fruits,Banana Dozen,9,134,0,1206.0,838.43,367.57,Card,2,1206.0,False,False,False,False,2024,2,Feb,Saturday,30.48
ORD1646,2024-02-24,C0646,Prakash Nair,Male,49,Kochi,South,Beverages,Juice Pack,8,261,5,1983.6,1204.9,778.7,Cash,1,1983.6,False,False,False,False,2024,2,Feb,Saturday,39.26
ORD1999,2024-02-24,C0999,Nisha Das,Female,35,Coimbatore,South,Personal Care,Shampoo,7,539,15,3207.05,2331.47,875.58,Card,1,3207.05,False,False,False,False,2024,2,Feb,Saturday,27.3
ORD1273,2024-02-25,C0273,Priya Joseph,Male,49,Delhi,North,Dairy,Yogurt Pack,9,218,15,1667.7,1123.84,543.86,Card,1,1667.7,False,False,False,False,2024,2,Feb,Sunday,32.61
ORD1019,2024-02-25,C0019,Vijay Iyer,Male,21,Madurai,South,Dairy,Milk 1L,7,387,15,2302.65,1618.25,684.4,Card,3,2302.65,False,False,False,False,2024,2,Feb,Sunday,29.72
ORD1492,2024-02-25,C0492,Karthik Menon,Male,57,Trichy,South,Grocery,Wheat Flour 10Kg,6,184,0,1104.0,693.41,410.59,UPI,3,1104.0,False,False,False,False,2024,2,Feb,Sunday,37.19
ORD1281,2024-02-26,C0281,Pooja Das,Female,54,Delhi,North,Beverages,Juice Pack,2,533,15,906.1,659.36,246.74,UPI,3,906.1,False,False,False,False,2024,2,Feb,Monday,27.23
ORD1200,2024-02-26,C0200,Anitha Kannan,Female,26,Delhi,North,Beverages,Tea Powder,8,118,20,755.2,537.23,217.97,Cash,4,755.2,False,False,False,False,2024,2,Feb,Monday,28.86
ORD1224,2024-02-27,C0224,Divya Sharma,Male,62,Madurai,South,Beverages,Coffee Powder,7,413,15,2457.35,1813.96,643.39,UPI,1,2457.35,False,False,False,False,2024,2,Feb,Tuesday,26.18
ORD1668,2024-02-27,C0668,Anitha Sharma,Female,52,Salem,South,Snacks,Biscuits Pack,8,443,10,3189.6,2601.84,587.76,Card,1,3189.6,False,False,False,False,2024,2,Feb,Tuesday,18.43
ORD1211,2024-02-29,C0211,Kavya Paul,Female,44,Trichy,South,Household,Detergent,5,749,5,3557.75,2851.34,706.41,Cash,5,3557.75,False,False,False,False,2024,2,Feb,Thursday,19.86
ORD1219,2024-03-01,C0219,Ajay Reddy,Male,22,Mumbai,West,Snacks,Biscuits Pack,8,213,20,1363.2,1155.42,207.78,Cash,1,1363.2,False,False,False,False,2024,3,Mar,Friday,15.24
ORD1202,2024-03-02,C0202,Rohit Das,Male,48,Hyderabad,East,Beverages,Coffee Powder,6,742,0,4452.0,3273.51,1178.49,UPI,3,4452.0,False,False,False,False,2024,3,Mar,Saturday,26.47
ORD1818,2024-03-02,C0818,Lakshmi Raj,Male,41,Trichy,South,Beverages,Juice Pack,7,800,5,5320.0,4016.29,1303.71,Card,3,5320.0,False,False,False,False,2024,3,Mar,Saturday,24.51
ORD1288,2024-03-02,C0288,Sneha Babu,Male,63,Trichy,South,Fruits,Apple 1Kg,9,268,15,2050.2,1482.31,567.89,Card,1,2050.2,False,False,False,False,2024,3,Mar,Saturday,27.7
ORD1572,2024-03-02,C0572,Priya Iyer,Female,34,Madurai,South,Fruits,Apple 1Kg,5,88,15,374.0,260.73,113.27,UPI,4,374.0,False,False,False,False,2024,3,Mar,Saturday,30.29
ORD1765,2024-03-03,C0765,Harini Reddy,Male,42,Madurai,South,Beverages,Soft Drink,8,617,0,4936.0,3067.15,1868.85,Card,1,4936.0,False,False,False,True,2024,3,Mar,Sunday,37.86
ORD1234,2024-03-05,C0234,Rahul Singh,Male,45,Coimbatore,South,Personal Care,Shampoo,5,333,10,1498.5,1083.84,414.66,Card,4,1498.5,False,False,False,False,2024,3,Mar,Tuesday,27.67
ORD1766,2024-03-08,C0766,Vijay Rao,Male,61,Kochi,South,Snacks,Biscuits Pack,1,333,20,266.4,201.54,64.86,UPI,5,266.4,False,False,False,False,2024,3,Mar,Friday,24.35
ORD1507,2024-03-08,C0507,Priya Paul,Male,46,Salem,South,Personal Care,Shampoo,7,252,5,1675.8,1322.95,352.85,Cash,4,1675.8,False,False,False,False,2024,3,Mar,Friday,21.06
ORD1323,2024-03-09,C0323,Lakshmi Singh,Male,42,Pune,West,Personal Care,Shampoo,3,634,10,1711.8,1163.92,547.88,Cash,4,1711.8,False,False,False,False,2024,3,Mar,Saturday,32.01
ORD1525,2024-03-10,C0525,Swathi Patel,Female,37,Pune,West,Dairy,Milk 1L,4,731,10,2631.6,1746.34,885.26,Cash,5,2631.6,False,False,False,False,2024,3,Mar,Sunday,33.64
ORD1275,2024-03-10,C0275,Shalini Rao,Male,34,Mumbai,West,Personal Care,Soap Pack,3,507,0,1521.0,918.95,602.05,UPI,1,1521.0,False,False,False,False,2024,3,Mar,Sunday,39.58
ORD1520,2024-03-10,C0520,Rohit Kannan,Female,53,Madurai,South,Vegetables,Tomato 1Kg,5,355,10,1597.5,1316.95,280.55,UPI,3,1597.5,False,False,False,False,2024,3,Mar,Sunday,17.56
ORD1797,2024-03-12,C0797,Suresh Das,Female,21,Salem,South,Beverages,Soft Drink,4,263,10,946.8,724.2,222.6,Card,5,946.8,False,False,False,False,2024,3,Mar,Tuesday,23.51
ORD1602,2024-03-13,C0602,Manoj Kumar,Female,62,Pune,West,Snacks,Chips Pack,8,745,0,5960.0,4857.97,1102.03,Card,5,5960.0,False,False,False,False,2024,3,Mar,Wednesday,18.49
ORD1168,2024-03-15,C0168,Priya Mohan,Male,28,Salem,South,Fruits,Orange 1Kg,8,275,15,1870.0,1261.05,608.95,Card,4,1870.0,False,False,False,False,2024,3,Mar,Friday,32.56
ORD1240,2024-03-16,C0240,Harini Nair,Female,56,Pune,West,Dairy,Cheese,3,757,15,1930.35,1539.01,391.34,Card,5,1930.35,False,False,False,False,2024,3,Mar,Saturday,20.27
ORD1159,2024-03-16,C0159,Arun Babu,Female,29,Salem,South,Dairy,Yogurt Pack,8,229,0,1832.0,1161.36,670.64,Cash,4,1832.0,False,False,False,False,2024,3,Mar,Saturday,36.61
ORD1355,2024-03-17,C0355,Harini Menon,Male,34,Delhi,North,Beverages,Coffee Powder,8,177,0,1416.0,1125.55,290.45,Cash,2,1416.0,False,False,False,False,2024,3,Mar,Sunday,20.51
ORD1691,2024-03-19,C0691,Aakash Patel,Male,49,Chennai,South,Dairy,Yogurt Pack,9,609,5,5206.95,3666.24,1540.71,Cash,1,5206.95,False,False,False,False,2024,3,Mar,Tuesday,29.59
ORD1129,2024-03-19,C0129,Rahul Rao,Male,57,Kochi,South,Fruits,Banana Dozen,1,83,10,74.7,60.35,14.35,Cash,5,74.7,False,False,False,False,2024,3,Mar,Tuesday,19.21
ORD1186,2024-03-21,C0186,Nisha Gupta,Female,46,Bangalore,West,Personal Care,Soap Pack,3,322,0,966.0,649.06,316.94,Cash,3,966.0,False,False,False,False,2024,3,Mar,Thursday,32.81
ORD1930,2024-03-21,C0930,Karthik Das,Male,22,Delhi,North,Beverages,Soft Drink,3,55,5,156.75,108.36,48.39,UPI,5,156.75,False,False,False,False,2024,3,Mar,Thursday,30.87
ORD1823,2024-03-21,C0823,Harini Joseph,Female,64,Coimbatore,South,Snacks,Biscuits Pack,10,587,5,5576.5,3675.35,1901.15,Card,3,5576.5,False,False,False,True,2024,3,Mar,Thursday,34.09
ORD1005,2024-03-22,C0005,Sneha Rao,Male,24,Trichy,South,Vegetables,Onion 1Kg,2,71,5,134.9,107.01,27.89,Card,3,134.9,False,False,False,False,2024,3,Mar,Friday,20.67
ORD1074,2024-03-23,C0074,Ravi Kannan,Male,45,Hyderabad,East,Fruits,Orange 1Kg,5,537,20,2148.0,1553.97,594.03,Cash,3,2148.0,False,False,False,False,2024,3,Mar,Saturday,27.66
ORD1024,2024-03-23,C0024,Ravi Gupta,Male,22,Mumbai,West,Grocery,Cooking Oil 1L,9,186,0,1674.0,1406.49,267.51,Cash,1,1674.0,False,False,False,False,2024,3,Mar,Saturday,15.98
ORD1781,2024-03-24,C0781,Suresh Singh,Female,60,Coimbatore,South,Grocery,Sugar 5Kg,9,623,15,4765.95,3108.87,1657.08,Cash,1,4765.95,False,False,False,False,2024,3,Mar,Sunday,34.77
ORD1198,2024-03-24,C0198,Dinesh Singh,Female,51,Pune,West,Household,Cleaner,4,278,20,889.6,727.95,161.65,Cash,3,889.6,False,False,False,False,2024,3,Mar,Sunday,18.17
ORD1731,2024-03-24,C0731,Divya Patel,Male,21,Kochi,South,Dairy,Cheese,2,175,15,297.5,240.12,57.38,Card,2,297.5,False,False,False,False,2024,3,Mar,Sunday,19.29
ORD1787,2024-03-25,C0787,Harini Babu,Female,50,Trichy,South,Snacks,Chips Pack,5,685,0,3425.0,2362.47,1062.53,Cash,5,3425.0,False,False,False,False,2024,3,Mar,Monday,31.02
ORD1487,2024-03-25,C0487,Prakash Mohan,Female,54,Hyderabad,East,Beverages,Tea Powder,5,428,5,2033.0,1286.99,746.01,Cash,1,2033.0,False,False,False,False,2024,3,Mar,Monday,36.7
ORD1748,2024-03-26,C0748,Lakshmi Krishnan,Male,27,Mumbai,West,Beverages,Tea Powder,3,336,20,806.4,565.84,240.56,Card,5,806.4,False,False,False,False,2024,3,Mar,Tuesday,29.83
ORD1417,2024-03-26,C0417,Arun Joseph,Female,56,Coimbatore,South,Beverages,Soft Drink,5,513,5,2436.75,2016.46,420.29,Cash,4,2436.75,False,False,False,False,2024,3,Mar,Tuesday,17.25
ORD1233,2024-03-27,C0233,Dinesh Krishnan,Male,54,Hyderabad,East,Beverages,Juice Pack,1,323,15,274.55,191.35,83.2,Cash,2,274.55,False,False,False,False,2024,3,Mar,Wednesday,30.3
ORD1289,2024-03-27,C0289,Sneha Nair,Male,50,Mumbai,West,Grocery,Wheat Flour 10Kg,7,742,10,4674.6,3340.54,1334.06,UPI,4,4674.6,False,False,False,False,2024,3,Mar,Wednesday,28.54
ORD1014,2024-03-28,C0014,Prakash Menon,Female,22,Trichy,South,Vegetables,Potato 2Kg,1,271,20,216.8,181.4,35.4,Cash,2,216.8,False,False,False,False,2024,3,Mar,Thursday,16.33
ORD1244,2024-03-28,C0244,Pooja Mohan,Male,64,Chennai,South,Snacks,Chips Pack,8,132,10,950.4,669.08,281.32,UPI,3,950.4,False,False,False,False,2024,3,Mar,Thursday,29.6
ORD1059,2024-03-29,C0059,Vijay Gupta,Female,46,Delhi,North,Household,Mop Set,5,355,5,1686.25,1361.96,324.29,UPI,4,1686.25,False,False,False,False,2024,3,Mar,Friday,19.23
ORD1299,2024-03-30,C0299,Suresh Verma,Female,42,Salem,South,Dairy,Yogurt Pack,8,446,20,2854.4,2054.48,799.92,UPI,4,2854.4,False,False,False,False,2024,3,Mar,Saturday,28.02
ORD1345,2024-03-31,C0345,Vijay Singh,Male,57,Trichy,South,Household,Mop Set,3,615,5,1752.75,1266.18,486.57,Card,4,1752.75,False,False,False,False,2024,3,Mar,Sunday,27.76
ORD1512,2024-04-02,C0512,Anitha Singh,Female,38,Coimbatore,South,Household,Detergent,8,629,5,4780.4,3922.97,857.43,Cash,2,4780.4,False,False,False,False,2024,4,Apr,Tuesday,17.94
ORD1402,2024-04-02,C0402,Meena Kumar,Female,41,Delhi,North,Personal Care,Shampoo,5,162,15,688.5,499.36,189.14,Cash,1,688.5,False,False,False,False,2024,4,Apr,Tuesday,27.47
ORD1743,2024-04-03,C0743,Rohit Krishnan,Male,24,Hyderabad,East,Personal Care,Shampoo,1,565,10,508.5,353.66,154.84,Cash,2,508.5,False,False,False,False,2024,4,Apr,Wednesday,30.45
ORD1617,2024-04-04,C0617,Priya Mohan,Female,21,Chennai,South,Beverages,Juice Pack,7,657,5,4369.05,3108.55,1260.5,Cash,2,4369.05,False,False,False,False,2024,4,Apr,Thursday,28.85
ORD1832,2024-04-04,C0832,Deepa Patel,Female,43,Trichy,South,Snacks,Chips Pack,10,617,5,5861.5,3534.98,2326.52,Cash,5,5861.5,False,False,False,True,2024,4,Apr,Thursday,39.69
ORD1539,2024-04-05,C0539,Prakash Sharma,Female,24,Pune,West,Vegetables,Tomato 1Kg,9,105,15,803.25,595.97,207.28,Card,3,803.25,False,False,False,False,2024,4,Apr,Friday,25.81
ORD1021,2024-04-05,C0021,Divya Sharma,Male,28,Madurai,South,Household,Cleaner,1,692,20,553.6,447.87,105.73,Card,4,553.6,False,False,False,False,2024,4,Apr,Friday,19.1
ORD1862,2024-04-06,C0862,Sneha Joseph,Male,42,Delhi,North,Dairy,Milk 1L,10,611,15,5193.5,3471.5,1722.0,Card,4,5193.5,False,False,False,False,2024,4,Apr,Saturday,33.16
ORD1589,2024-04-07,C0589,Prakash Patel,Female,52,Mumbai,West,Personal Care,Shampoo,4,221,0,884.0,748.44,135.56,Cash,2,884.0,False,False,False,False,2024,4,Apr,Sunday,15.33
ORD1683,2024-04-07,C0683,Shalini Paul,Male,21,Hyderabad,East,Dairy,Yogurt Pack,7,778,20,4356.8,2893.16,1463.64,Card,2,4356.8,False,False,False,False,2024,4,Apr,Sunday,33.59
ORD1647,2024-04-08,C0647,Rohit Das,Male,60,Delhi,North,Snacks,Chips Pack,6,181,10,977.4,738.42,238.98,Cash,4,977.4,False,False,False,False,2024,4,Apr,Monday,24.45
ORD1387,2024-04-08,C0387,Nisha Sharma,Male,52,Salem,South,Household,Detergent,4,353,20,1129.6,701.01,428.59,Cash,1,1129.6,False,False,False,False,2024,4,Apr,Monday,37.94
ORD1245,2024-04-09,C0245,Aarthi Joseph,Female,64,Kochi,South,Fruits,Banana Dozen,4,558,15,1897.2,1303.52,593.68,Cash,4,1897.2,False,False,False,False,2024,4,Apr,Tuesday,31.29
ORD1340,2024-04-09,C0340,Karthik Das,Female,26,Salem,South,Vegetables,Onion 1Kg,3,698,20,1675.2,1080.98,594.22,Cash,3,1675.2,False,False,False,False,2024,4,Apr,Tuesday,35.47
ORD1317,2024-04-09,C0317,Aakash Kumar,Male,31,Madurai,South,Grocery,Cooking Oil 1L,5,702,20,2808.0,2021.99,786.01,UPI,3,2808.0,False,False,False,False,2024,4,Apr,Tuesday,27.99
ORD1566,2024-04-10,C0566,Manoj Mohan,Female,59,Pune,West,Personal Care,Toothpaste,5,368,10,1656.0,1104.17,551.83,Cash,4,1656.0,False,False,False,False,2024,4,Apr,Wednesday,33.32
ORD1593,2024-04-10,C0593,Swathi Verma,Male,65,Pune,West,Personal Care,Shampoo,6,260,0,1560.0,1063.19,496.81,Card,2,1560.0,False,False,False,False,2024,4,Apr,Wednesday,31.85
ORD1673,2024-04-12,C0673,Prakash Das,Male,62,Hyderabad,East,Household,Mop Set,6,759,15,3870.9,3171.0,699.9,Card,5,3870.9,False,False,False,False,2024,4,Apr,Friday,18.08
ORD1312,2024-04-13,C0312,Prakash Joseph,Female,54,Hyderabad,East,Personal Care,Shampoo,8,412,10,2966.4,2184.77,781.63,Cash,2,2966.4,False,False,False,False,2024,4,Apr,Saturday,26.35
ORD1918,2024-04-15,C0918,Anitha Verma,Female,24,Pune,West,Grocery,Sugar 5Kg,9,151,0,1359.0,1095.67,263.33,Cash,4,1359.0,False,False,False,False,2024,4,Apr,Monday,19.38
ORD1347,2024-04-15,C0347,Rohit Iyer,Female,50,Pune,West,Grocery,Rice 5Kg,4,256,10,921.6,624.87,296.73,Cash,3,921.6,False,False,False,False,2024,4,Apr,Monday,32.2
ORD1153,2024-04-15,C0153,Karthik Singh,Male,38,Hyderabad,East,Personal Care,Shampoo,10,209,20,1672.0,1125.99,546.01,Cash,3,1672.0,False,False,False,False,2024,4,Apr,Monday,32.66
ORD1232,2024-04-15,C0232,Dinesh Raj,Male,23,Hyderabad,East,Beverages,Tea Powder,8,595,20,3808.0,2772.64,1035.36,Card,5,3808.0,False,False,False,False,2024,4,Apr,Monday,27.19
ORD1922,2024-04-16,C0922,Aakash Paul,Female,49,Pune,West,Snacks,Namkeen,5,664,10,2988.0,2053.04,934.96,Cash,3,2988.0,False,False,False,False,2024,4,Apr,Tuesday,31.29
ORD1313,2024-04-17,C0313,Dinesh Menon,Male,39,Madurai,South,Snacks,Chips Pack,1,326,0,326.0,221.58,104.42,UPI,4,326.0,False,False,False,False,2024,4,Apr,Wednesday,32.03
ORD1692,2024-04-18,C0692,Dinesh Raj,Female,27,Salem,South,Vegetables,Tomato 1Kg,2,428,10,770.4,575.94,194.46,UPI,1,770.4,False,False,False,False,2024,4,Apr,Thursday,25.24
ORD1044,2024-04-19,C0044,Ravi Nair,Female,32,Trichy,South,Household,Mop Set,3,696,0,2088.0,1718.77,369.23,UPI,5,2088.0,False,False,False,False,2024,4,Apr,Friday,17.68
ORD1997,2024-04-19,C0997,Kavya Kannan,Male,33,Coimbatore,South,Fruits,Banana Dozen,5,616,0,3080.0,1961.41,1118.59,UPI,4,3080.0,False,False,False,False,2024,4,Apr,Friday,36.32
ORD1311,2024-04-20,C0311,Harini Sharma,Male,21,Salem,South,Household,Detergent,4,280,0,1120.0,770.13,349.87,Card,4,1120.0,False,False,False,False,2024,4,Apr,Saturday,31.24
ORD1573,2024-04-21,C0573,Suresh Krishnan,Male,52,Trichy,South,Beverages,Soft Drink,10,427,5,4056.5,3088.5,968.0,Card,2,4056.5,False,False,False,False,2024,4,Apr,Sunday,23.86
ORD1181,2024-04-22,C0181,Ravi Sharma,Male,19,Pune,West,Personal Care,Shampoo,4,57,20,182.4,152.68,29.72,Card,3,182.4,False,False,False,False,2024,4,Apr,Monday,16.29
ORD1915,2024-04-22,C0915,Rahul Nair,Male,59,Chennai,South,Snacks,Namkeen,10,127,15,1079.5,751.33,328.17,UPI,2,1079.5,False,False,False,False,2024,4,Apr,Monday,30.4
ORD1836,2024-04-22,C0836,Harini Rao,Female,54,Coimbatore,South,Snacks,Chips Pack,3,227,15,578.85,373.65,205.2,UPI,2,578.85,False,False,False,False,2024,4,Apr,Monday,35.45
ORD1145,2024-04-23,C0145,Prakash Reddy,Female,56,Chennai,South,Fruits,Apple 1Kg,4,454,20,1452.8,1037.7,415.1,Cash,1,1452.8,False,False,False,False,2024,4,Apr,Tuesday,28.57
ORD1031,2024-04-24,C0031,Dinesh Krishnan,Male,62,Kochi,South,Fruits,Apple 1Kg,9,747,15,5714.55,4230.06,1484.49,UPI,5,5714.55,False,False,False,False,2024,4,Apr,Wednesday,25.98
ORD1608,2024-04-24,C0608,Keerthana Krishnan,Male,49,Coimbatore,South,Beverages,Soft Drink,5,103,0,515.0,330.21,184.79,UPI,2,515.0,False,False,False,False,2024,4,Apr,Wednesday,35.88
ORD1899,2024-04-24,C0899,Karthik Joseph,Male,60,Coimbatore,South,Beverages,Soft Drink,5,528,10,2376.0,1624.16,751.84,UPI,5,2376.0,False,False,False,False,2024,4,Apr,Wednesday,31.64
ORD1616,2024-04-25,C0616,Nisha Joseph,Female,20,Delhi,North,Household,Mop Set,3,603,15,1537.65,1052.78,484.87,UPI,5,1537.65,False,False,False,False,2024,4,Apr,Thursday,31.53
ORD1110,2024-04-27,C0110,Shalini Rao,Male,45,Mumbai,West,Fruits,Banana Dozen,10,465,0,4650.0,3711.97,938.03,Card,2,4650.0,False,False,False,False,2024,4,Apr,Saturday,20.17
ORD1563,2024-04-28,C0563,Vignesh Rao,Male,28,Delhi,North,Snacks,Biscuits Pack,6,80,10,432.0,340.79,91.21,Card,4,432.0,False,False,False,False,2024,4,Apr,Sunday,21.11
ORD1849,2024-04-28,C0849,Karthik Yadav,Female,23,Pune,West,Personal Care,Toothpaste,9,472,5,4035.6,2646.9,1388.7,UPI,1,4035.6,False,False,False,False,2024,4,Apr,Sunday,34.41
ORD1704,2024-04-29,C0704,Manoj Verma,Male,28,Madurai,South,Fruits,Orange 1Kg,7,572,0,4004.0,2408.25,1595.75,Cash,4,4004.0,False,False,False,False,2024,4,Apr,Monday,39.85
ORD1280,2024-04-30,C0280,Sneha Patel,Male,39,Bangalore,West,Fruits,Apple 1Kg,3,792,10,2138.4,1674.87,463.53,Card,3,2138.4,False,False,False,False,2024,4,Apr,Tuesday,21.68
ORD1903,2024-04-30,C0903,Suresh Sharma,Female,22,Salem,South,Personal Care,Toothpaste,9,380,10,3078.0,2191.91,886.09,Card,4,3078.0,False,False,False,False,2024,4,Apr,Tuesday,28.79
ORD1158,2024-04-30,C0158,Anitha Babu,Female,34,Coimbatore,South,Beverages,Coffee Powder,8,555,15,3774.0,3126.33,647.67,Cash,4,3774.0,False,False,False,False,2024,4,Apr,Tuesday,17.16
ORD1175,2024-05-01,C0175,Karthik Paul,Male,24,Kochi,South,Personal Care,Toothpaste,9,311,20,2239.2,1724.41,514.79,Card,3,2239.2,False,False,False,False,2024,5,May,Wednesday,22.99
ORD1861,2024-05-02,C0861,Manoj Kannan,Male,23,Pune,West,Beverages,Soft Drink,7,306,15,1820.7,1259.62,561.08,UPI,4,1820.7,False,False,False,False,2024,5,May,Thursday,30.82
ORD1666,2024-05-03,C0666,Dinesh Das,Female,49,Coimbatore,South,Personal Care,Toothpaste,4,139,20,444.8,348.55,96.25,UPI,2,444.8,False,False,False,False,2024,5,May,Friday,21.64
ORD1865,2024-05-05,C0865,Manoj Iyer,Male,26,Coimbatore,South,Snacks,Namkeen,1,593,15,504.05,403.3,100.75,Cash,2,504.05,False,False,False,False,2024,5,May,Sunday,19.99
ORD1740,2024-05-06,C0740,Vignesh Verma,Male,30,Chennai,South,Snacks,Namkeen,10,670,10,6030.0,4463.77,1566.23,Cash,5,6030.0,False,False,False,False,2024,5,May,Monday,25.97
ORD1874,2024-05-06,C0874,Priya Kumar,Male,51,Hyderabad,East,Grocery,Rice 5Kg,4,412,0,1648.0,1311.29,336.71,Cash,3,1648.0,False,False,False,False,2024,5,May,Monday,20.43
ORD1866,2024-05-07,C0866,Sanjay Yadav,Female,41,Mumbai,West,Snacks,Biscuits Pack,5,796,0,3980.0,2472.19,1507.81,Cash,2,3980.0,False,False,False,False,2024,5,May,Tuesday,37.88
ORD1967,2024-05-09,C0967,Kavya Babu,Male,58,Coimbatore,South,Vegetables,Onion 1Kg,7,261,0,1827.0,1420.5,406.5,Cash,4,1827.0,False,False,False,False,2024,5,May,Thursday,22.25
ORD1850,2024-05-10,C0850,Rahul Babu,Female,42,Delhi,North,Vegetables,Onion 1Kg,4,787,0,3148.0,2339.62,808.38,Cash,1,3148.0,False,False,False,False,2024,5,May,Friday,25.68
ORD1204,2024-05-10,C0204,Arun Rao,Male,18,Bangalore,West,Snacks,Namkeen,2,207,20,331.2,231.27,99.93,UPI,3,331.2,False,False,False,False,2024,5,May,Friday,30.17
ORD1714,2024-05-12,C0714,Arun Gupta,Male,30,Delhi,North,Household,Detergent,4,314,0,1256.0,963.06,292.94,UPI,5,1256.0,False,False,False,False,2024,5,May,Sunday,23.32
ORD1798,2024-05-12,C0798,Prakash Yadav,Female,48,Bangalore,West,Grocery,Wheat Flour 10Kg,7,425,5,2826.25,2394.96,431.29,Cash,1,2826.25,False,False,False,False,2024,5,May,Sunday,15.26
ORD1488,2024-05-13,C0488,Anitha Raj,Male,48,Madurai,South,Personal Care,Soap Pack,7,538,15,3201.1,2539.93,661.17,Cash,2,3201.1,False,False,False,False,2024,5,May,Monday,20.65
ORD1260,2024-05-15,C0260,Deepa Yadav,Male,27,Hyderabad,East,Beverages,Tea Powder,1,308,5,292.6,226.87,65.73,Cash,3,292.6,False,False,False,False,2024,5,May,Wednesday,22.46
ORD1334,2024-05-15,C0334,Prakash Gupta,Male,56,Hyderabad,East,Fruits,Orange 1Kg,9,45,0,405.0,291.0,114.0,UPI,2,405.0,False,False,False,False,2024,5,May,Wednesday,28.15
ORD1676,2024-05-16,C0676,Divya Singh,Female,29,Pune,West,Snacks,Namkeen,7,352,15,2094.4,1507.11,587.29,Cash,5,2094.4,False,False,False,False,2024,5,May,Thursday,28.04
ORD1269,2024-05-16,C0269,Swathi Paul,Male,22,Bangalore,West,Beverages,Coffee Powder,6,331,5,1886.7,1312.54,574.16,Cash,5,1886.7,False,False,False,False,2024,5,May,Thursday,30.43
ORD1454,2024-05-19,C0454,Nisha Babu,Female,36,Coimbatore,South,Personal Care,Soap Pack,5,35,0,175.0,127.9,47.1,Card,5,175.0,False,False,False,False,2024,5,May,Sunday,26.91
ORD1806,2024-05-19,C0806,Vignesh Kannan,Female,60,Chennai,South,Dairy,Cheese,1,281,0,281.0,218.41,62.59,Cash,4,281.0,False,False,False,False,2024,5,May,Sunday,22.27
ORD1392,2024-05-19,C0392,Ravi Reddy,Female,52,Hyderabad,East,Household,Mop Set,1,510,5,484.5,355.32,129.18,Card,2,484.5,False,False,False,False,2024,5,May,Sunday,26.66
ORD1552,2024-05-19,C0552,Shalini Gupta,Male,26,Madurai,South,Snacks,Biscuits Pack,1,172,15,146.2,111.77,34.43,Cash,4,146.2,False,False,False,False,2024,5,May,Sunday,23.55
ORD1506,2024-05-20,C0506,Meena Paul,Male,30,Pune,West,Household,Cleaner,6,213,15,1086.3,785.24,301.06,UPI,1,1086.3,False,False,False,False,2024,5,May,Monday,27.71
ORD1187,2024-05-20,C0187,Hari Reddy,Male,57,Trichy,South,Household,Detergent,9,302,20,2174.4,1683.08,491.32,Cash,5,2174.4,False,False,False,False,2024,5,May,Monday,22.6
ORD1136,2024-05-20,C0136,Deepa Joseph,Male,22,Coimbatore,South,Vegetables,Potato 2Kg,4,374,15,1271.6,824.0,447.6,Card,1,1271.6,False,False,False,False,2024,5,May,Monday,35.2
ORD1623,2024-05-20,C0623,Meena Mohan,Male,29,Coimbatore,South,Fruits,Banana Dozen,9,498,20,3585.6,2828.36,757.24,Card,3,3585.6,False,False,False,False,2024,5,May,Monday,21.12
ORD1632,2024-05-22,C0632,Ajay Paul,Female,56,Chennai,South,Beverages,Tea Powder,8,381,10,2743.2,2119.84,623.36,Cash,3,2743.2,False,False,False,False,2024,5,May,Wednesday,22.72
ORD1546,2024-05-22,C0546,Meena Kumar,Male,27,Bangalore,West,Beverages,Soft Drink,8,685,0,5480.0,3412.03,2067.97,Cash,2,5480.0,False,False,False,True,2024,5,May,Wednesday,37.74
ORD1143,2024-05-22,C0143,Nisha Iyer,Female,46,Coimbatore,South,Vegetables,Tomato 1Kg,1,318,15,270.3,209.22,61.08,Cash,1,270.3,False,False,False,False,2024,5,May,Wednesday,22.6
ORD1579,2024-05-23,C0579,Shalini Das,Male,30,Kochi,South,Beverages,Juice Pack,2,672,15,1142.4,895.45,246.95,UPI,5,1142.4,False,False,False,False,2024,5,May,Thursday,21.62
ORD1177,2024-05-23,C0177,Hari Patel,Female,57,Mumbai,West,Vegetables,Potato 2Kg,8,177,20,1132.8,932.61,200.19,Card,2,1132.8,False,False,False,False,2024,5,May,Thursday,17.67
ORD1393,2024-05-24,C0393,Nisha Reddy,Male,20,Pune,West,Fruits,Orange 1Kg,6,36,20,172.8,141.47,31.33,UPI,5,172.8,False,False,False,False,2024,5,May,Friday,18.13
ORD1170,2024-05-24,C0170,Meena Verma,Male,21,Trichy,South,Beverages,Juice Pack,8,150,10,1080.0,769.39,310.61,Card,4,1080.0,False,False,False,False,2024,5,May,Friday,28.76
ORD1669,2024-05-28,C0669,Prakash Krishnan,Female,48,Hyderabad,East,Vegetables,Onion 1Kg,8,724,5,5502.4,4626.58,875.82,Cash,3,5502.4,False,False,False,False,2024,5,May,Tuesday,15.92
ORD1950,2024-05-29,C0950,Prakash Yadav,Male,38,Kochi,South,Beverages,Juice Pack,1,583,5,553.85,463.65,90.2,Cash,1,553.85,False,False,False,False,2024,5,May,Wednesday,16.29
ORD1681,2024-05-29,C0681,Manoj Kumar,Male,36,Pune,West,Dairy,Cheese,4,453,5,1721.4,1208.65,512.75,Card,2,1721.4,False,False,False,False,2024,5,May,Wednesday,29.79
ORD1636,2024-05-29,C0636,Harini Rao,Female,55,Trichy,South,Dairy,Yogurt Pack,3,711,10,1919.7,1165.86,753.84,Card,3,1919.7,False,False,False,False,2024,5,May,Wednesday,39.27
ORD1461,2024-05-29,C0461,Ajay Krishnan,Male,35,Kochi,South,Household,Mop Set,1,363,0,363.0,294.35,68.65,Card,1,363.0,False,False,False,False,2024,5,May,Wednesday,18.91
ORD1858,2024-05-31,C0858,Vijay Nair,Female,45,Pune,West,Dairy,Yogurt Pack,1,395,20,316.0,197.65,118.35,Cash,2,316.0,False,False,False,False,2024,5,May,Friday,37.45
ORD1298,2024-06-01,C0298,Prakash Iyer,Male,57,Trichy,South,Snacks,Chips Pack,3,306,10,826.2,587.84,238.36,Cash,5,826.2,False,False,False,False,2024,6,Jun,Saturday,28.85
ORD1590,2024-06-01,C0590,Aakash Reddy,Female,49,Pune,West,Household,Cleaner,4,308,0,1232.0,798.87,433.13,UPI,2,1232.0,False,False,False,False,2024,6,Jun,Saturday,35.16
ORD1199,2024-06-02,C0199,Deepa Das,Male,38,Chennai,South,Beverages,Coffee Powder,9,542,5,4634.1,3443.95,1190.15,Cash,4,4634.1,False,False,False,False,2024,6,Jun,Sunday,25.68
ORD1441,2024-06-02,C0441,Ajay Gupta,Female,18,Hyderabad,East,Dairy,Yogurt Pack,7,225,5,1496.25,1197.01,299.24,UPI,4,1496.25,False,False,False,False,2024,6,Jun,Sunday,20.0
ORD1717,2024-06-03,C0717,Sneha Gupta,Male,63,Bangalore,West,Household,Mop Set,6,72,20,345.6,230.47,115.13,UPI,4,345.6,False,False,False,False,2024,6,Jun,Monday,33.31
ORD1343,2024-06-03,C0343,Dinesh Rao,Male,30,Mumbai,West,Beverages,Soft Drink,5,448,0,2240.0,1831.68,408.32,Card,4,2240.0,False,False,False,False,2024,6,Jun,Monday,18.23
ORD1270,2024-06-04,C0270,Suresh Patel,Female,57,Kochi,South,Grocery,Wheat Flour 10Kg,6,764,5,4354.8,3296.67,1058.13,Cash,4,4354.8,False,False,False,False,2024,6,Jun,Tuesday,24.3
ORD1975,2024-06-05,C0975,Suresh Krishnan,Male,41,Delhi,North,Beverages,Tea Powder,1,573,0,573.0,418.0,155.0,UPI,2,573.0,False,False,False,False,2024,6,Jun,Wednesday,27.05
ORD1794,2024-06-06,C0794,Ravi Menon,Female,54,Delhi,North,Fruits,Banana Dozen,1,606,0,606.0,503.3,102.7,Cash,5,606.0,False,False,False,False,2024,6,Jun,Thursday,16.95
ORD1230,2024-06-06,C0230,Vijay Raj,Female,63,Delhi,North,Personal Care,Shampoo,5,277,0,1385.0,859.41,525.59,Cash,2,1385.0,False,False,False,False,2024,6,Jun,Thursday,37.95
ORD1101,2024-06-07,C0101,Pooja Verma,Female,59,Kochi,South,Snacks,Chips Pack,6,711,20,3412.8,2405.28,1007.52,UPI,4,3412.8,False,False,False,False,2024,6,Jun,Friday,29.52
ORD1033,2024-06-07,C0033,Rohit Sharma,Male,28,Madurai,South,Dairy,Yogurt Pack,6,598,15,3049.8,2572.38,477.42,UPI,4,3049.8,False,False,False,False,2024,6,Jun,Friday,15.65
ORD1277,2024-06-08,C0277,Deepa Joseph,Female,43,Madurai,South,Snacks,Chips Pack,5,105,20,420.0,348.7,71.3,Cash,1,420.0,False,False,False,False,2024,6,Jun,Saturday,16.98
ORD1450,2024-06-08,C0450,Rohit Verma,Male,59,Hyderabad,East,Grocery,Rice 5Kg,9,110,0,990.0,658.96,331.04,Card,3,990.0,False,False,False,False,2024,6,Jun,Saturday,33.44
ORD1498,2024-06-09,C0498,Lakshmi Joseph,Male,40,Trichy,South,Grocery,Rice 5Kg,9,337,10,2729.7,1972.16,757.54,Cash,3,2729.7,False,False,False,False,2024,6,Jun,Sunday,27.75
ORD1478,2024-06-10,C0478,Rohit Rao,Female,40,Coimbatore,South,Beverages,Tea Powder,9,436,20,3139.2,2148.4,990.8,Card,5,3139.2,False,False,False,False,2024,6,Jun,Monday,31.56
ORD1535,2024-06-10,C0535,Prakash Das,Female,25,Mumbai,West,Fruits,Banana Dozen,6,476,0,2856.0,1908.28,947.72,UPI,5,2856.0,False,False,False,False,2024,6,Jun,Monday,33.18
ORD1586,2024-06-10,C0586,Arun Rao,Male,49,Chennai,South,Dairy,Yogurt Pack,3,127,20,304.8,211.54,93.26,UPI,1,304.8,False,False,False,False,2024,6,Jun,Monday,30.6
ORD1329,2024-06-11,C0329,Ajay Kannan,Male,37,Kochi,South,Personal Care,Toothpaste,9,407,0,3663.0,2669.66,993.34,Cash,5,3663.0,False,False,False,False,2024,6,Jun,Tuesday,27.12
ORD1947,2024-06-11,C0947,Suresh Nair,Female,22,Mumbai,West,Grocery,Wheat Flour 10Kg,1,183,0,183.0,123.1,59.9,UPI,4,183.0,False,False,False,False,2024,6,Jun,Tuesday,32.73
ORD1403,2024-06-12,C0403,Shalini Das,Male,54,Pune,West,Dairy,Yogurt Pack,3,800,20,1920.0,1219.38,700.62,Cash,2,1920.0,False,False,False,False,2024,6,Jun,Wednesday,36.49
ORD1171,2024-06-12,C0171,Suresh Yadav,Female,50,Coimbatore,South,Personal Care,Shampoo,6,616,10,3326.4,2153.71,1172.69,Card,4,3326.4,False,False,False,False,2024,6,Jun,Wednesday,35.25
ORD1359,2024-06-12,C0359,Harini Joseph,Male,44,Coimbatore,South,Personal Care,Toothpaste,2,160,0,320.0,270.53,49.47,Cash,4,320.0,False,False,False,False,2024,6,Jun,Wednesday,15.46
ORD1381,2024-06-13,C0381,Ajay Babu,Female,18,Chennai,South,Beverages,Soft Drink,7,310,20,1736.0,1156.28,579.72,Card,4,1736.0,False,False,False,False,2024,6,Jun,Thursday,33.39
ORD1890,2024-06-13,C0890,Harini Mohan,Male,48,Hyderabad,East,Grocery,Wheat Flour 10Kg,7,786,10,4951.8,4086.47,865.33,Cash,3,4951.8,False,False,False,False,2024,6,Jun,Thursday,17.48
ORD1612,2024-06-13,C0612,Shalini Mohan,Female,29,Bangalore,West,Grocery,Wheat Flour 10Kg,5,491,5,2332.25,1760.05,572.2,UPI,2,2332.25,False,False,False,False,2024,6,Jun,Thursday,24.53
ORD1614,2024-06-15,C0614,Rohit Singh,Female,25,Bangalore,West,Grocery,Sugar 5Kg,3,406,15,1035.3,760.91,274.39,UPI,4,1035.3,False,False,False,False,2024,6,Jun,Saturday,26.5
ORD1773,2024-06-15,C0773,Manoj Raj,Male,47,Delhi,North,Vegetables,Onion 1Kg,6,655,10,3537.0,2492.43,1044.57,UPI,4,3537.0,False,False,False,False,2024,6,Jun,Saturday,29.53
ORD1055,2024-06-16,C0055,Shalini Menon,Female,24,Coimbatore,South,Fruits,Banana Dozen,10,646,0,6460.0,5132.13,1327.87,Cash,1,6460.0,False,False,True,False,2024,6,Jun,Sunday,20.56
ORD1935,2024-06-17,C0935,Ravi Paul,Male,41,Kochi,South,Beverages,Soft Drink,6,693,15,3534.3,2851.52,682.78,Cash,4,3534.3,False,False,False,False,2024,6,Jun,Monday,19.32
ORD1723,2024-06-17,C0723,Ajay Paul,Female,21,Madurai,South,Grocery,Rice 5Kg,6,347,15,1769.7,1496.26,273.44,Card,1,1769.7,False,False,False,False,2024,6,Jun,Monday,15.45
ORD1687,2024-06-17,C0687,Ravi Krishnan,Female,65,Salem,South,Personal Care,Soap Pack,10,295,20,2360.0,1600.68,759.32,Card,2,2360.0,False,False,False,False,2024,6,Jun,Monday,32.17
ORD1363,2024-06-18,C0363,Keerthana Singh,Male,49,Pune,West,Grocery,Rice 5Kg,3,542,15,1382.1,1123.6,258.5,Card,2,1382.1,False,False,False,False,2024,6,Jun,Tuesday,18.7
ORD1258,2024-06-18,C0258,Manoj Sharma,Male,31,Delhi,North,Dairy,Yogurt Pack,6,752,20,3609.6,2736.77,872.83,UPI,1,3609.6,False,False,False,False,2024,6,Jun,Tuesday,24.18
ORD1310,2024-06-20,C0310,Keerthana Paul,Male,63,Bangalore,West,Household,Detergent,2,268,10,482.4,407.91,74.49,Cash,3,482.4,False,False,False,False,2024,6,Jun,Thursday,15.44
ORD1585,2024-06-21,C0585,Kavya Rao,Female,53,Madurai,South,Snacks,Chips Pack,2,305,5,579.5,457.45,122.05,UPI,4,579.5,False,False,False,False,2024,6,Jun,Friday,21.06
ORD1690,2024-06-21,C0690,Sneha Reddy,Female,54,Bangalore,West,Snacks,Biscuits Pack,2,233,10,419.4,270.58,148.82,Cash,5,419.4,False,False,False,False,2024,6,Jun,Friday,35.48
ORD1583,2024-06-23,C0583,Aarthi Singh,Male,24,Pune,West,Grocery,Wheat Flour 10Kg,1,339,0,339.0,242.06,96.94,UPI,4,339.0,False,False,False,False,2024,6,Jun,Sunday,28.6
ORD1451,2024-06-23,C0451,Aakash Verma,Male,20,Salem,South,Dairy,Milk 1L,8,666,5,5061.6,3203.08,1858.52,Cash,3,5061.6,False,False,False,True,2024,6,Jun,Sunday,36.72
ORD1907,2024-06-24,C0907,Sanjay Nair,Male,20,Trichy,South,Fruits,Banana Dozen,5,750,10,3375.0,2490.88,884.12,Cash,2,3375.0,False,False,False,False,2024,6,Jun,Monday,26.2
ORD1131,2024-06-25,C0131,Meena Verma,Male,33,Kochi,South,Snacks,Biscuits Pack,2,376,0,752.0,546.06,205.94,Cash,4,752.0,False,False,False,False,2024,6,Jun,Tuesday,27.39
ORD1183,2024-06-26,C0183,Meena Yadav,Female,52,Bangalore,West,Dairy,Yogurt Pack,8,563,15,3828.4,2597.33,1231.07,Card,5,3828.4,False,False,False,False,2024,6,Jun,Wednesday,32.16
ORD1070,2024-06-26,C0070,Vijay Nair,Male,28,Trichy,South,Grocery,Rice 5Kg,4,295,0,1180.0,754.33,425.67,UPI,4,1180.0,False,False,False,False,2024,6,Jun,Wednesday,36.07
ORD1813,2024-06-26,C0813,Karthik Sharma,Male,43,Madurai,South,Personal Care,Soap Pack,4,243,0,972.0,669.85,302.15,Cash,3,972.0,False,False,False,False,2024,6,Jun,Wednesday,31.09
ORD1294,2024-06-27,C0294,Rahul Joseph,Male,43,Mumbai,West,Vegetables,Potato 2Kg,1,718,10,646.2,429.75,216.45,Card,5,646.2,False,False,False,False,2024,6,Jun,Thursday,33.5
ORD1096,2024-06-28,C0096,Divya Krishnan,Male,26,Coimbatore,South,Vegetables,Onion 1Kg,2,327,10,588.6,463.15,125.45,Cash,3,588.6,False,False,False,False,2024,6,Jun,Friday,21.31
ORD1424,2024-06-28,C0424,Aakash Gupta,Female,46,Delhi,North,Personal Care,Soap Pack,9,318,20,2289.6,1406.65,882.95,UPI,2,2289.6,False,False,False,False,2024,6,Jun,Friday,38.56
ORD1209,2024-06-28,C0209,Pooja Rao,Female,53,Salem,South,Dairy,Cheese,5,87,20,348.0,291.32,56.68,Card,1,348.0,False,False,False,False,2024,6,Jun,Friday,16.29
ORD1190,2024-06-29,C0190,Shalini Sharma,Male,43,Mumbai,West,Beverages,Tea Powder,1,204,15,173.4,142.29,31.11,Card,2,173.4,False,False,False,False,2024,6,Jun,Saturday,17.94
ORD1664,2024-06-29,C0664,Sneha Kumar,Male,64,Coimbatore,South,Snacks,Chips Pack,1,289,10,260.1,198.89,61.21,Card,1,260.1,False,False,False,False,2024,6,Jun,Saturday,23.53
ORD1649,2024-06-30,C0649,Priya Mohan,Female,63,Bangalore,West,Personal Care,Soap Pack,7,478,15,2844.1,1732.04,1112.06,UPI,4,2844.1,False,False,False,False,2024,6,Jun,Sunday,39.1
ORD1237,2024-06-30,C0237,Dinesh Joseph,Female,38,Bangalore,West,Snacks,Chips Pack,10,736,5,6992.0,5032.51,1959.49,Card,4,6992.0,False,False,True,True,2024,6,Jun,Sunday,28.02
ORD1380,2024-06-30,C0380,Prakash Mohan,Male,29,Mumbai,West,Vegetables,Onion 1Kg,10,226,5,2147.0,1446.1,700.9,UPI,5,2147.0,False,False,False,False,2024,6,Jun,Sunday,32.65
ORD1344,2024-06-30,C0344,Karthik Reddy,Female,58,Bangalore,West,Household,Detergent,3,107,15,272.85,186.4,86.45,UPI,1,272.85,False,False,False,False,2024,6,Jun,Sunday,31.68
ORD1012,2024-07-01,C0012,Rahul Rao,Male,58,Coimbatore,South,Fruits,Banana Dozen,8,28,10,201.6,169.94,31.66,Card,5,201.6,False,False,False,False,2024,7,Jul,Monday,15.7
ORD1802,2024-07-02,C0802,Pooja Iyer,Female,47,Salem,South,Vegetables,Onion 1Kg,7,652,5,4335.8,3051.38,1284.42,Card,2,4335.8,False,False,False,False,2024,7,Jul,Tuesday,29.62
ORD1782,2024-07-02,C0782,Ravi Raj,Female,63,Hyderabad,East,Snacks,Namkeen,9,408,15,3121.2,2277.61,843.59,Card,5,3121.2,False,False,False,False,2024,7,Jul,Tuesday,27.03
ORD1973,2024-07-03,C0973,Sneha Yadav,Female,18,Hyderabad,East,Dairy,Yogurt Pack,7,346,15,2058.7,1651.36,407.34,UPI,5,2058.7,False,False,False,False,2024,7,Jul,Wednesday,19.79
ORD1137,2024-07-04,C0137,Swathi Kannan,Male,64,Delhi,North,Grocery,Sugar 5Kg,3,636,15,1621.8,1035.62,586.18,Card,1,1621.8,False,False,False,False,2024,7,Jul,Thursday,36.14
ORD1395,2024-07-04,C0395,Meena Iyer,Male,53,Coimbatore,South,Snacks,Biscuits Pack,4,656,10,2361.6,1531.69,829.91,Card,5,2361.6,False,False,False,False,2024,7,Jul,Thursday,35.14
ORD1515,2024-07-04,C0515,Arun Joseph,Male,26,Salem,South,Grocery,Cooking Oil 1L,5,772,15,3281.0,2205.47,1075.53,UPI,1,3281.0,False,False,False,False,2024,7,Jul,Thursday,32.78
ORD1888,2024-07-05,C0888,Swathi Kumar,Female,24,Kochi,South,Fruits,Apple 1Kg,7,408,10,2570.4,1776.46,793.94,Card,4,2570.4,False,False,False,False,2024,7,Jul,Friday,30.89
ORD1924,2024-07-05,C0924,Vijay Kannan,Female,40,Salem,South,Beverages,Soft Drink,3,117,10,315.9,268.1,47.8,Card,4,315.9,False,False,False,False,2024,7,Jul,Friday,15.13
ORD1020,2024-07-06,C0020,Sanjay Mohan,Female,47,Trichy,South,Beverages,Tea Powder,4,574,15,1951.6,1239.35,712.25,UPI,1,1951.6,False,False,False,False,2024,7,Jul,Saturday,36.5
ORD1067,2024-07-07,C0067,Suresh Verma,Male,34,Delhi,North,Beverages,Coffee Powder,5,505,15,2146.25,1524.09,622.16,Card,1,2146.25,False,False,False,False,2024,7,Jul,Sunday,28.99
ORD1570,2024-07-08,C0570,Sneha Rao,Male,62,Delhi,North,Beverages,Coffee Powder,3,409,20,981.6,786.07,195.53,UPI,3,981.6,False,False,False,False,2024,7,Jul,Monday,19.92
ORD1497,2024-07-09,C0497,Nisha Patel,Male,50,Madurai,South,Personal Care,Toothpaste,6,521,20,2500.8,1832.81,667.99,Card,5,2500.8,False,False,False,False,2024,7,Jul,Tuesday,26.71
ORD1886,2024-07-09,C0886,Karthik Babu,Female,40,Salem,South,Household,Mop Set,6,134,0,804.0,552.69,251.31,UPI,1,804.0,False,False,False,False,2024,7,Jul,Tuesday,31.26
ORD1408,2024-07-10,C0408,Divya Das,Male,41,Madurai,South,Snacks,Biscuits Pack,9,683,10,5532.3,3611.92,1920.38,Cash,1,5532.3,False,False,False,True,2024,7,Jul,Wednesday,34.71
ORD1703,2024-07-10,C0703,Vignesh Nair,Male,29,Kochi,South,Vegetables,Onion 1Kg,8,663,10,4773.6,3271.51,1502.09,UPI,5,4773.6,False,False,False,False,2024,7,Jul,Wednesday,31.47
ORD1213,2024-07-11,C0213,Rahul Gupta,Male,48,Hyderabad,East,Grocery,Sugar 5Kg,10,642,0,6420.0,5254.16,1165.84,UPI,3,6420.0,False,False,True,False,2024,7,Jul,Thursday,18.16
ORD1476,2024-07-13,C0476,Deepa Nair,Male,51,Mumbai,West,Beverages,Tea Powder,2,128,5,243.2,178.24,64.96,Cash,2,243.2,False,False,False,False,2024,7,Jul,Saturday,26.71
ORD1315,2024-07-13,C0315,Keerthana Babu,Female,62,Hyderabad,East,Snacks,Namkeen,3,79,0,237.0,161.82,75.18,Cash,5,237.0,False,False,False,False,2024,7,Jul,Saturday,31.72
ORD1779,2024-07-15,C0779,Suresh Menon,Female,62,Madurai,South,Personal Care,Toothpaste,2,172,5,326.8,261.02,65.78,Card,3,326.8,False,False,False,False,2024,7,Jul,Monday,20.13
ORD1811,2024-07-15,C0811,Deepa Reddy,Male,32,Chennai,South,Dairy,Milk 1L,7,53,0,371.0,253.87,117.13,UPI,2,371.0,False,False,False,False,2024,7,Jul,Monday,31.57
ORD1822,2024-07-16,C0822,Swathi Krishnan,Male,58,Kochi,South,Vegetables,Tomato 1Kg,1,91,15,77.35,47.76,29.59,UPI,2,77.35,False,False,False,False,2024,7,Jul,Tuesday,38.25
ORD1322,2024-07-16,C0322,Prakash Raj,Male,20,Madurai,South,Grocery,Wheat Flour 10Kg,8,202,5,1535.2,1294.24,240.96,Card,1,1535.2,False,False,False,False,2024,7,Jul,Tuesday,15.7
ORD1065,2024-07-17,C0065,Hari Krishnan,Female,32,Delhi,North,Fruits,Orange 1Kg,9,636,10,5151.6,4353.76,797.84,Card,2,5151.6,False,False,False,False,2024,7,Jul,Wednesday,15.49
ORD1125,2024-07-17,C0125,Harini Mohan,Female,40,Madurai,South,Vegetables,Tomato 1Kg,9,673,0,6057.0,4437.67,1619.33,Cash,2,6057.0,False,False,False,False,2024,7,Jul,Wednesday,26.73
ORD1856,2024-07-18,C0856,Ravi Sharma,Female,24,Hyderabad,East,Vegetables,Potato 2Kg,2,565,10,1017.0,681.99,335.01,UPI,3,1017.0,False,False,False,False,2024,7,Jul,Thursday,32.94
ORD1174,2024-07-18,C0174,Harini Nair,Female,53,Bangalore,West,Vegetables,Potato 2Kg,1,435,0,435.0,323.02,111.98,Card,1,435.0,False,False,False,False,2024,7,Jul,Thursday,25.74
ORD1217,2024-07-19,C0217,Vignesh Gupta,Female,32,Mumbai,West,Grocery,Sugar 5Kg,10,618,15,5253.0,3539.46,1713.54,Card,5,5253.0,False,False,False,False,2024,7,Jul,Friday,32.62
ORD1002,2024-07-22,C0002,Arun Gupta,Female,32,Trichy,South,Grocery,Rice 5Kg,4,542,20,1734.4,1052.15,682.25,Card,5,1734.4,False,False,False,False,2024,7,Jul,Monday,39.34
ORD1776,2024-07-22,C0776,Pooja Sharma,Male,36,Trichy,South,Fruits,Banana Dozen,10,393,0,3930.0,3316.24,613.76,UPI,2,3930.0,False,False,False,False,2024,7,Jul,Monday,15.62
ORD1189,2024-07-23,C0189,Prakash Mohan,Female,38,Mumbai,West,Snacks,Biscuits Pack,3,441,15,1124.55,808.96,315.59,Card,1,1124.55,False,False,False,False,2024,7,Jul,Tuesday,28.06
ORD1150,2024-07-23,C0150,Divya Raj,Male,38,Kochi,South,Snacks,Biscuits Pack,1,325,5,308.75,188.63,120.12,Card,5,308.75,False,False,False,False,2024,7,Jul,Tuesday,38.91
ORD1330,2024-07-24,C0330,Ravi Yadav,Male,33,Mumbai,West,Personal Care,Shampoo,10,54,5,513.0,332.52,180.48,UPI,4,513.0,False,False,False,False,2024,7,Jul,Wednesday,35.18
ORD1937,2024-07-25,C0937,Prakash Menon,Male,33,Trichy,South,Beverages,Coffee Powder,10,36,10,324.0,209.61,114.39,Card,1,324.0,False,False,False,False,2024,7,Jul,Thursday,35.31
ORD1902,2024-07-25,C0902,Meena Babu,Male,20,Mumbai,West,Beverages,Coffee Powder,10,376,10,3384.0,2644.05,739.95,UPI,2,3384.0,False,False,False,False,2024,7,Jul,Thursday,21.87
ORD1305,2024-07-25,C0305,Vignesh Singh,Male,39,Mumbai,West,Dairy,Milk 1L,8,25,10,180.0,149.31,30.69,Cash,2,180.0,False,False,False,False,2024,7,Jul,Thursday,17.05
ORD1388,2024-07-29,C0388,Sanjay Raj,Female,59,Pune,West,Beverages,Tea Powder,4,726,15,2468.4,1996.73,471.67,UPI,2,2468.4,False,False,False,False,2024,7,Jul,Monday,19.11
ORD1547,2024-07-29,C0547,Sanjay Gupta,Female,37,Salem,South,Household,Cleaner,7,655,20,3668.0,2610.85,1057.15,Cash,3,3668.0,False,False,False,False,2024,7,Jul,Monday,28.82
ORD1501,2024-07-30,C0501,Nisha Yadav,Male,55,Salem,South,Snacks,Chips Pack,10,362,15,3077.0,2263.31,813.69,Cash,2,3077.0,False,False,False,False,2024,7,Jul,Tuesday,26.44
ORD1603,2024-07-31,C0603,Kavya Das,Male,57,Hyderabad,East,Grocery,Sugar 5Kg,5,739,20,2956.0,2174.46,781.54,Card,1,2956.0,False,False,False,False,2024,7,Jul,Wednesday,26.44
ORD1292,2024-07-31,C0292,Lakshmi Kumar,Female,37,Bangalore,West,Household,Mop Set,7,148,20,828.8,571.52,257.28,Card,3,828.8,False,False,False,False,2024,7,Jul,Wednesday,31.04
ORD1474,2024-08-01,C0474,Divya Iyer,Female,23,Bangalore,West,Fruits,Apple 1Kg,4,645,0,2580.0,1556.44,1023.56,Card,1,2580.0,False,False,False,False,2024,8,Aug,Thursday,39.67
ORD1521,2024-08-02,C0521,Karthik Singh,Male,57,Madurai,South,Household,Detergent,5,362,20,1448.0,1018.58,429.42,UPI,1,1448.0,False,False,False,False,2024,8,Aug,Friday,29.66
ORD1658,2024-08-02,C0658,Harini Babu,Female,22,Salem,South,Beverages,Juice Pack,2,605,20,968.0,695.81,272.19,Cash,3,968.0,False,False,False,False,2024,8,Aug,Friday,28.12
ORD1493,2024-08-02,C0493,Aakash Raj,Male,31,Madurai,South,Grocery,Sugar 5Kg,5,485,15,2061.25,1248.47,812.78,Cash,5,2061.25,False,False,False,False,2024,8,Aug,Friday,39.43
ORD1834,2024-08-02,C0834,Meena Singh,Female,62,Pune,West,Beverages,Coffee Powder,10,377,5,3581.5,2389.77,1191.73,Card,1,3581.5,False,False,False,False,2024,8,Aug,Friday,33.27
ORD1439,2024-08-03,C0439,Rahul Krishnan,Female,62,Delhi,North,Fruits,Banana Dozen,6,399,5,2274.3,1648.17,626.13,Card,3,2274.3,False,False,False,False,2024,8,Aug,Saturday,27.53
ORD1962,2024-08-04,C0962,Pooja Paul,Male,47,Mumbai,West,Beverages,Soft Drink,10,58,10,522.0,424.35,97.65,Cash,4,522.0,False,False,False,False,2024,8,Aug,Sunday,18.71
ORD1120,2024-08-04,C0120,Meena Singh,Male,34,Hyderabad,East,Grocery,Wheat Flour 10Kg,10,81,0,810.0,527.4,282.6,Card,3,810.0,False,False,False,False,2024,8,Aug,Sunday,34.89
ORD1774,2024-08-06,C0774,Vijay Joseph,Male,48,Pune,West,Dairy,Milk 1L,4,734,5,2789.2,1998.84,790.36,Cash,3,2789.2,False,False,False,False,2024,8,Aug,Tuesday,28.34
ORD1333,2024-08-07,C0333,Pooja Verma,Male,59,Hyderabad,East,Fruits,Apple 1Kg,1,191,20,152.8,121.47,31.33,UPI,2,152.8,False,False,False,False,2024,8,Aug,Wednesday,20.5
ORD1243,2024-08-14,C0243,Arun Nair,Female,41,Mumbai,West,Fruits,Apple 1Kg,9,596,20,4291.2,3312.45,978.75,Card,4,4291.2,False,False,False,False,2024,8,Aug,Wednesday,22.81
ORD1598,2024-08-15,C0598,Suresh Reddy,Male,54,Hyderabad,East,Fruits,Apple 1Kg,4,278,10,1000.8,709.13,291.67,UPI,4,1000.8,False,False,False,False,2024,8,Aug,Thursday,29.14
ORD1295,2024-08-15,C0295,Aarthi Menon,Male,30,Kochi,South,Dairy,Milk 1L,2,168,0,336.0,202.6,133.4,Card,3,336.0,False,False,False,False,2024,8,Aug,Thursday,39.7
ORD1141,2024-08-15,C0141,Pooja Mohan,Female,40,Mumbai,West,Fruits,Banana Dozen,3,472,0,1416.0,1184.63,231.37,UPI,4,1416.0,False,False,False,False,2024,8,Aug,Thursday,16.34
ORD1423,2024-08-15,C0423,Pooja Yadav,Female,23,Kochi,South,Beverages,Tea Powder,10,470,0,4700.0,2895.29,1804.71,Cash,1,4700.0,False,False,False,True,2024,8,Aug,Thursday,38.4
ORD1349,2024-08-17,C0349,Swathi Mohan,Male,31,Bangalore,West,Vegetables,Potato 2Kg,4,193,15,656.2,396.86,259.34,Cash,1,656.2,False,False,False,False,2024,8,Aug,Saturday,39.52
ORD1255,2024-08-18,C0255,Nisha Kumar,Female,28,Delhi,North,Snacks,Biscuits Pack,1,250,10,225.0,136.84,88.16,Card,5,225.0,False,False,False,False,2024,8,Aug,Sunday,39.18
ORD1453,2024-08-20,C0453,Karthik Das,Male,46,Pune,West,Personal Care,Toothpaste,9,342,10,2770.2,1995.69,774.51,Card,3,2770.2,False,False,False,False,2024,8,Aug,Tuesday,27.96
ORD1413,2024-08-23,C0413,Deepa Rao,Female,42,Pune,West,Fruits,Apple 1Kg,6,489,20,2347.2,1754.88,592.32,UPI,1,2347.2,False,False,False,False,2024,8,Aug,Friday,25.24
ORD1247,2024-08-25,C0247,Manoj Nair,Female,58,Coimbatore,South,Snacks,Namkeen,6,598,15,3049.8,2560.66,489.14,UPI,2,3049.8,False,False,False,False,2024,8,Aug,Sunday,16.04
ORD1523,2024-08-26,C0523,Aarthi Menon,Female,30,Pune,West,Household,Cleaner,8,529,5,4020.4,3300.41,719.99,UPI,1,4020.4,False,False,False,False,2024,8,Aug,Monday,17.91
ORD1817,2024-08-26,C0817,Aarthi Reddy,Male,32,Delhi,North,Vegetables,Tomato 1Kg,10,484,15,4114.0,2993.99,1120.01,UPI,5,4114.0,False,False,False,False,2024,8,Aug,Monday,27.22
ORD1767,2024-08-26,C0767,Manoj Nair,Male,47,Hyderabad,East,Grocery,Sugar 5Kg,7,123,20,688.8,542.77,146.03,Card,4,688.8,False,False,False,False,2024,8,Aug,Monday,21.2
ORD1207,2024-08-27,C0207,Manoj Patel,Male,21,Delhi,North,Grocery,Cooking Oil 1L,1,275,0,275.0,192.66,82.34,UPI,5,275.0,False,False,False,False,2024,8,Aug,Tuesday,29.94
ORD1592,2024-08-28,C0592,Suresh Gupta,Female,55,Chennai,South,Snacks,Biscuits Pack,8,552,0,4416.0,2727.83,1688.17,Cash,3,4416.0,False,False,False,False,2024,8,Aug,Wednesday,38.23
ORD1042,2024-08-28,C0042,Sneha Gupta,Female,32,Mumbai,West,Beverages,Juice Pack,10,368,0,3680.0,2960.95,719.05,UPI,2,3680.0,False,False,False,False,2024,8,Aug,Wednesday,19.54
ORD1102,2024-08-29,C0102,Vignesh Sharma,Female,24,Chennai,South,Personal Care,Soap Pack,6,247,15,1259.7,895.87,363.83,Cash,3,1259.7,False,False,False,False,2024,8,Aug,Thursday,28.88
ORD1667,2024-08-29,C0667,Sneha Rao,Female,31,Bangalore,West,Beverages,Juice Pack,10,779,15,6621.5,5306.87,1314.63,UPI,1,6621.5,False,False,True,False,2024,8,Aug,Thursday,19.85
ORD1321,2024-08-29,C0321,Aarthi Yadav,Female,37,Mumbai,West,Grocery,Cooking Oil 1L,7,573,15,3409.35,2533.76,875.59,UPI,4,3409.35,False,False,False,False,2024,8,Aug,Thursday,25.68
ORD1892,2024-08-30,C0892,Meena Babu,Male,61,Coimbatore,South,Grocery,Wheat Flour 10Kg,6,537,0,3222.0,2551.33,670.67,Card,4,3222.0,False,False,False,False,2024,8,Aug,Friday,20.82
ORD1554,2024-08-30,C0554,Swathi Verma,Female,44,Delhi,North,Snacks,Chips Pack,1,616,15,523.6,425.01,98.59,Cash,5,523.6,False,False,False,False,2024,8,Aug,Friday,18.83
ORD1778,2024-09-02,C0778,Sanjay Krishnan,Female,41,Pune,West,Snacks,Chips Pack,2,371,5,704.9,476.7,228.2,Cash,2,704.9,False,False,False,False,2024,9,Sep,Monday,32.37
ORD1172,2024-09-03,C0172,Anitha Raj,Male,55,Chennai,South,Fruits,Banana Dozen,2,427,20,683.2,488.01,195.19,Card,1,683.2,False,False,False,False,2024,9,Sep,Tuesday,28.57
ORD1992,2024-09-03,C0992,Aarthi Nair,Female,60,Hyderabad,East,Snacks,Namkeen,8,709,0,5672.0,4143.06,1528.94,Card,3,5672.0,False,False,False,False,2024,9,Sep,Tuesday,26.96
ORD1227,2024-09-03,C0227,Vignesh Krishnan,Female,61,Coimbatore,South,Dairy,Yogurt Pack,7,103,10,648.9,415.69,233.21,Cash,3,648.9,False,False,False,False,2024,9,Sep,Tuesday,35.94
ORD1146,2024-09-03,C0146,Swathi Nair,Female,29,Coimbatore,South,Dairy,Yogurt Pack,5,464,0,2320.0,1748.59,571.41,Cash,1,2320.0,False,False,False,False,2024,9,Sep,Tuesday,24.63
ORD1433,2024-09-04,C0433,Nisha Kannan,Female,31,Pune,West,Fruits,Apple 1Kg,4,535,5,2033.0,1339.17,693.83,UPI,2,2033.0,False,False,False,False,2024,9,Sep,Wednesday,34.13
ORD1465,2024-09-05,C0465,Divya Iyer,Male,20,Coimbatore,South,Vegetables,Tomato 1Kg,5,623,0,3115.0,2177.24,937.76,Cash,4,3115.0,False,False,False,False,2024,9,Sep,Thursday,30.1
ORD1062,2024-09-06,C0062,Lakshmi Gupta,Female,60,Chennai,South,Household,Mop Set,2,326,5,619.4,434.26,185.14,Cash,3,619.4,False,False,False,False,2024,9,Sep,Friday,29.89
ORD1517,2024-09-07,C0517,Keerthana Das,Female,57,Hyderabad,East,Household,Mop Set,8,106,20,678.4,508.82,169.58,Cash,5,678.4,False,False,False,False,2024,9,Sep,Saturday,25.0
ORD1184,2024-09-09,C0184,Ajay Gupta,Female,53,Pune,West,Vegetables,Onion 1Kg,5,649,15,2758.25,1787.53,970.72,Card,2,2758.25,False,False,False,False,2024,9,Sep,Monday,35.19
ORD1016,2024-09-10,C0016,Sanjay Nair,Male,22,Pune,West,Fruits,Banana Dozen,6,473,20,2270.4,1618.5,651.9,Card,1,2270.4,False,False,False,False,2024,9,Sep,Tuesday,28.71
ORD1205,2024-09-10,C0205,Kavya Patel,Female,40,Mumbai,West,Household,Cleaner,7,569,15,3385.55,2728.21,657.34,UPI,3,3385.55,False,False,False,False,2024,9,Sep,Tuesday,19.42
ORD1046,2024-09-10,C0046,Anitha Kannan,Female,51,Kochi,South,Personal Care,Toothpaste,3,786,15,2004.3,1428.1,576.2,Card,2,2004.3,False,False,False,False,2024,9,Sep,Tuesday,28.75
ORD1194,2024-09-11,C0194,Lakshmi Iyer,Male,34,Pune,West,Beverages,Soft Drink,2,214,5,406.6,292.49,114.11,Card,2,406.6,False,False,False,False,2024,9,Sep,Wednesday,28.06
ORD1462,2024-09-11,C0462,Rohit Kannan,Female,46,Trichy,South,Household,Detergent,5,415,0,2075.0,1308.27,766.73,UPI,1,2075.0,False,False,False,False,2024,9,Sep,Wednesday,36.95
ORD1574,2024-09-13,C0574,Ravi Verma,Female,19,Salem,South,Beverages,Soft Drink,2,60,0,120.0,74.11,45.89,Card,2,120.0,False,False,False,False,2024,9,Sep,Friday,38.24
ORD1977,2024-09-13,C0977,Kavya Nair,Male,30,Kochi,South,Fruits,Banana Dozen,7,549,15,3266.55,2713.15,553.4,Cash,3,3266.55,False,False,False,False,2024,9,Sep,Friday,16.94
ORD1389,2024-09-14,C0389,Sanjay Kumar,Male,54,Bangalore,West,Grocery,Cooking Oil 1L,1,114,0,114.0,69.95,44.05,UPI,3,114.0,False,False,False,False,2024,9,Sep,Saturday,38.64
ORD1659,2024-09-14,C0659,Ravi Singh,Female,60,Pune,West,Fruits,Banana Dozen,9,345,5,2949.75,2075.38,874.37,Cash,2,2949.75,False,False,False,False,2024,9,Sep,Saturday,29.64
ORD1379,2024-09-14,C0379,Ajay Iyer,Male,57,Hyderabad,East,Personal Care,Soap Pack,6,590,0,3540.0,2135.47,1404.53,Card,2,3540.0,False,False,False,False,2024,9,Sep,Saturday,39.68
ORD1351,2024-09-15,C0351,Swathi Raj,Female,62,Madurai,South,Grocery,Rice 5Kg,7,479,15,2850.05,1798.09,1051.96,UPI,2,2850.05,False,False,False,False,2024,9,Sep,Sunday,36.91
ORD1626,2024-09-21,C0626,Divya Yadav,Female,62,Delhi,North,Household,Detergent,6,620,15,3162.0,2344.29,817.71,UPI,3,3162.0,False,False,False,False,2024,9,Sep,Saturday,25.86
ORD1933,2024-09-21,C0933,Deepa Das,Female,63,Hyderabad,East,Snacks,Biscuits Pack,7,721,15,4289.95,3168.3,1121.65,UPI,4,4289.95,False,False,False,False,2024,9,Sep,Saturday,26.15
ORD1438,2024-09-22,C0438,Anitha Verma,Male,53,Delhi,North,Dairy,Cheese,2,358,10,644.4,485.36,159.04,Card,2,644.4,False,False,False,False,2024,9,Sep,Sunday,24.68
ORD1522,2024-09-22,C0522,Shalini Gupta,Female,26,Delhi,North,Beverages,Soft Drink,5,462,20,1848.0,1500.48,347.52,Cash,5,1848.0,False,False,False,False,2024,9,Sep,Sunday,18.81
ORD1611,2024-09-23,C0611,Hari Kannan,Male,48,Salem,South,Household,Mop Set,10,160,10,1440.0,925.83,514.17,Card,3,1440.0,False,False,False,False,2024,9,Sep,Monday,35.71
ORD1613,2024-09-23,C0613,Harini Iyer,Female,29,Madurai,South,Snacks,Biscuits Pack,1,349,20,279.2,176.35,102.85,UPI,5,279.2,False,False,False,False,2024,9,Sep,Monday,36.84
ORD1337,2024-09-24,C0337,Sanjay Yadav,Female,30,Bangalore,West,Household,Detergent,5,680,10,3060.0,2495.04,564.96,UPI,5,3060.0,False,False,False,False,2024,9,Sep,Tuesday,18.46
ORD1319,2024-09-26,C0319,Sanjay Joseph,Female,47,Bangalore,West,Personal Care,Shampoo,7,403,5,2679.95,1906.63,773.32,Card,2,2679.95,False,False,False,False,2024,9,Sep,Thursday,28.86
ORD1353,2024-09-26,C0353,Hari Menon,Male,40,Madurai,South,Beverages,Juice Pack,2,534,5,1014.6,763.23,251.37,Cash,4,1014.6,False,False,False,False,2024,9,Sep,Thursday,24.78
ORD1106,2024-09-28,C0106,Lakshmi Nair,Male,26,Bangalore,West,Snacks,Biscuits Pack,4,627,10,2257.2,1363.23,893.97,Cash,4,2257.2,False,False,False,False,2024,9,Sep,Saturday,39.61
ORD1087,2024-09-28,C0087,Harini Das,Female,57,Pune,West,Snacks,Chips Pack,3,101,15,257.55,204.85,52.7,Cash,4,257.55,False,False,False,False,2024,9,Sep,Saturday,20.46
ORD1998,2024-09-28,C0998,Nisha Rao,Male,53,Chennai,South,Snacks,Chips Pack,8,702,20,4492.8,3204.09,1288.71,UPI,3,4492.8,False,False,False,False,2024,9,Sep,Saturday,28.68
ORD1475,2024-09-29,C0475,Kavya Singh,Male,64,Hyderabad,East,Vegetables,Onion 1Kg,6,750,0,4500.0,3626.6,873.4,UPI,3,4500.0,False,False,False,False,2024,9,Sep,Sunday,19.41
ORD1006,2024-09-30,C0006,Karthik Menon,Male,56,Bangalore,West,Household,Cleaner,3,404,10,1090.8,711.61,379.19,Cash,2,1090.8,False,False,False,False,2024,9,Sep,Monday,34.76
ORD1877,2024-09-30,C0877,Sanjay Gupta,Male,64,Pune,West,Grocery,Wheat Flour 10Kg,3,171,15,436.05,323.5,112.55,Cash,3,436.05,False,False,False,False,2024,9,Sep,Monday,25.81
ORD1897,2024-10-02,C0897,Aarthi Paul,Female,35,Mumbai,West,Household,Detergent,7,684,0,4788.0,3237.04,1550.96,Card,4,4788.0,False,False,False,False,2024,10,Oct,Wednesday,32.39
ORD1871,2024-10-02,C0871,Sneha Das,Male,63,Hyderabad,East,Fruits,Orange 1Kg,3,573,5,1633.05,1008.64,624.41,Card,5,1633.05,False,False,False,False,2024,10,Oct,Wednesday,38.24
ORD1595,2024-10-03,C0595,Prakash Rao,Male,39,Bangalore,West,Snacks,Chips Pack,3,493,5,1405.05,1065.04,340.01,UPI,1,1405.05,False,False,False,False,2024,10,Oct,Thursday,24.2
ORD1530,2024-10-05,C0530,Karthik Raj,Female,23,Madurai,South,Snacks,Namkeen,5,747,10,3361.5,2613.43,748.07,Card,2,3361.5,False,False,False,False,2024,10,Oct,Saturday,22.25
ORD1185,2024-10-07,C0185,Rahul Mohan,Female,25,Trichy,South,Fruits,Banana Dozen,8,349,15,2373.2,1630.86,742.34,Cash,5,2373.2,False,False,False,False,2024,10,Oct,Monday,31.28
ORD1469,2024-10-08,C0469,Rahul Iyer,Male,22,Coimbatore,South,Dairy,Yogurt Pack,9,381,10,3086.1,2416.73,669.37,Cash,2,3086.1,False,False,False,False,2024,10,Oct,Tuesday,21.69
ORD1560,2024-10-08,C0560,Ajay Joseph,Female,18,Madurai,South,Snacks,Namkeen,5,283,5,1344.25,1013.5,330.75,Cash,1,1344.25,False,False,False,False,2024,10,Oct,Tuesday,24.6
ORD1571,2024-10-10,C0571,Prakash Joseph,Female,62,Pune,West,Fruits,Banana Dozen,2,679,15,1154.3,958.85,195.45,Cash,3,1154.3,False,False,False,False,2024,10,Oct,Thursday,16.93
ORD1030,2024-10-10,C0030,Kavya Paul,Male,18,Kochi,South,Fruits,Orange 1Kg,5,77,0,385.0,292.05,92.95,Card,2,385.0,False,False,False,False,2024,10,Oct,Thursday,24.14
ORD1983,2024-10-11,C0983,Harini Patel,Male,54,Delhi,North,Personal Care,Soap Pack,4,564,5,2143.2,1341.06,802.14,Cash,4,2143.2,False,False,False,False,2024,10,Oct,Friday,37.43
ORD1814,2024-10-12,C0814,Vignesh Sharma,Female,20,Trichy,South,Grocery,Cooking Oil 1L,8,250,0,2000.0,1528.98,471.02,UPI,2,2000.0,False,False,False,False,2024,10,Oct,Saturday,23.55
ORD1842,2024-10-13,C0842,Manoj Das,Male,41,Coimbatore,South,Personal Care,Toothpaste,1,641,0,641.0,523.86,117.14,Card,5,641.0,False,False,False,False,2024,10,Oct,Sunday,18.27
ORD1910,2024-10-13,C0910,Suresh Yadav,Male,34,Chennai,South,Fruits,Banana Dozen,1,389,5,369.55,289.22,80.33,UPI,5,369.55,False,False,False,False,2024,10,Oct,Sunday,21.74
ORD1847,2024-10-14,C0847,Karthik Reddy,Male,64,Hyderabad,East,Beverages,Coffee Powder,1,189,10,170.1,140.45,29.65,Card,4,170.1,False,False,False,False,2024,10,Oct,Monday,17.43
ORD1920,2024-10-15,C0920,Sanjay Menon,Female,22,Coimbatore,South,Beverages,Soft Drink,2,254,0,508.0,426.27,81.73,Cash,3,508.0,False,False,False,False,2024,10,Oct,Tuesday,16.09
ORD1029,2024-10-15,C0029,Karthik Rao,Male,63,Salem,South,Beverages,Tea Powder,2,134,20,214.4,136.97,77.43,Card,2,214.4,False,False,False,False,2024,10,Oct,Tuesday,36.11
ORD1083,2024-10-16,C0083,Prakash Kumar,Female,55,Hyderabad,East,Beverages,Juice Pack,6,544,10,2937.6,2365.17,572.43,Cash,4,2937.6,False,False,False,False,2024,10,Oct,Wednesday,19.49
ORD1971,2024-10-16,C0971,Hari Mohan,Female,29,Madurai,South,Grocery,Rice 5Kg,8,635,0,5080.0,3183.99,1896.01,UPI,1,5080.0,False,False,False,True,2024,10,Oct,Wednesday,37.32
ORD1694,2024-10-16,C0694,Priya Menon,Female,21,Delhi,North,Household,Mop Set,3,241,0,723.0,578.68,144.32,Cash,1,723.0,False,False,False,False,2024,10,Oct,Wednesday,19.96
ORD1132,2024-10-16,C0132,Nisha Verma,Female,44,Mumbai,West,Household,Cleaner,10,187,10,1683.0,1166.68,516.32,Card,5,1683.0,False,False,False,False,2024,10,Oct,Wednesday,30.68
ORD1133,2024-10-17,C0133,Aarthi Joseph,Female,64,Madurai,South,Grocery,Sugar 5Kg,6,121,20,580.8,446.98,133.82,Cash,5,580.8,False,False,False,False,2024,10,Oct,Thursday,23.04
ORD1119,2024-10-17,C0119,Lakshmi Singh,Female,51,Trichy,South,Personal Care,Soap Pack,9,141,10,1142.1,808.01,334.09,Cash,3,1142.1,False,False,False,False,2024,10,Oct,Thursday,29.25
ORD1960,2024-10-18,C0960,Sneha Babu,Female,58,Mumbai,West,Vegetables,Tomato 1Kg,10,191,20,1528.0,1083.3,444.7,Card,5,1528.0,False,False,False,False,2024,10,Oct,Friday,29.1
ORD1880,2024-10-19,C0880,Keerthana Joseph,Female,18,Madurai,South,Beverages,Tea Powder,3,614,0,1842.0,1144.15,697.85,Card,5,1842.0,False,False,False,False,2024,10,Oct,Saturday,37.89
ORD1510,2024-10-19,C0510,Aakash Iyer,Female,28,Salem,South,Grocery,Wheat Flour 10Kg,8,432,10,3110.4,2467.85,642.55,Card,3,3110.4,False,False,False,False,2024,10,Oct,Saturday,20.66
ORD1945,2024-10-20,C0945,Aarthi Mohan,Female,44,Coimbatore,South,Household,Cleaner,2,607,15,1031.9,629.35,402.55,Cash,2,1031.9,False,False,False,False,2024,10,Oct,Sunday,39.01
ORD1820,2024-10-22,C0820,Lakshmi Mohan,Male,32,Pune,West,Fruits,Banana Dozen,1,558,15,474.3,361.42,112.88,Cash,3,474.3,False,False,False,False,2024,10,Oct,Tuesday,23.8
ORD1160,2024-10-24,C0160,Manoj Kannan,Female,28,Pune,West,Beverages,Juice Pack,6,751,0,4506.0,3323.17,1182.83,Cash,2,4506.0,False,False,False,False,2024,10,Oct,Thursday,26.25
ORD1559,2024-10-25,C0559,Harini Nair,Male,36,Delhi,North,Grocery,Cooking Oil 1L,3,611,0,1833.0,1400.56,432.44,Card,1,1833.0,False,False,False,False,2024,10,Oct,Friday,23.59
ORD1384,2024-10-27,C0384,Keerthana Kumar,Male,57,Bangalore,West,Personal Care,Shampoo,4,243,10,874.8,597.28,277.52,Cash,4,874.8,False,False,False,False,2024,10,Oct,Sunday,31.72
ORD1713,2024-10-27,C0713,Aarthi Babu,Female,44,Pune,West,Dairy,Yogurt Pack,6,641,15,3269.1,2068.65,1200.45,Cash,3,3269.1,False,False,False,False,2024,10,Oct,Sunday,36.72
ORD1852,2024-10-30,C0852,Ajay Nair,Male,49,Hyderabad,East,Dairy,Milk 1L,1,576,15,489.6,332.43,157.17,Cash,4,489.6,False,False,False,False,2024,10,Oct,Wednesday,32.1
ORD1953,2024-10-31,C0953,Deepa Das,Male,30,Chennai,South,Fruits,Apple 1Kg,2,463,10,833.4,700.76,132.64,Card,4,833.4,False,False,False,False,2024,10,Oct,Thursday,15.92
ORD1656,2024-11-02,C0656,Anitha Nair,Female,45,Bangalore,West,Beverages,Tea Powder,8,539,10,3880.8,2490.14,1390.66,UPI,4,3880.8,False,False,False,False,2024,11,Nov,Saturday,35.83
ORD1826,2024-11-03,C0826,Kavya Krishnan,Male,53,Chennai,South,Snacks,Chips Pack,7,462,0,3234.0,2553.94,680.06,Cash,2,3234.0,False,False,False,False,2024,11,Nov,Sunday,21.03
ORD1661,2024-11-03,C0661,Vijay Singh,Female,44,Kochi,South,Dairy,Cheese,3,271,5,772.35,607.54,164.81,Card,1,772.35,False,False,False,False,2024,11,Nov,Sunday,21.34
ORD1442,2024-11-03,C0442,Dinesh Paul,Female,53,Pune,West,Household,Detergent,9,571,10,4625.1,3683.12,941.98,Cash,1,4625.1,False,False,False,False,2024,11,Nov,Sunday,20.37
ORD1040,2024-11-04,C0040,Anitha Krishnan,Female,53,Hyderabad,East,Snacks,Biscuits Pack,7,718,5,4774.7,3599.54,1175.16,UPI,3,4774.7,False,False,False,False,2024,11,Nov,Monday,24.61
ORD1707,2024-11-04,C0707,Aarthi Patel,Female,27,Trichy,South,Snacks,Namkeen,7,666,20,3729.6,2415.77,1313.83,Card,4,3729.6,False,False,False,False,2024,11,Nov,Monday,35.23
ORD1327,2024-11-06,C0327,Sneha Yadav,Female,35,Kochi,South,Dairy,Milk 1L,5,406,0,2030.0,1389.47,640.53,Card,1,2030.0,False,False,False,False,2024,11,Nov,Wednesday,31.55
ORD1824,2024-11-06,C0824,Harini Raj,Female,54,Trichy,South,Snacks,Namkeen,4,459,5,1744.2,1310.7,433.5,Card,2,1744.2,False,False,False,False,2024,11,Nov,Wednesday,24.85
ORD1100,2024-11-07,C0100,Karthik Sharma,Female,25,Hyderabad,East,Fruits,Orange 1Kg,2,168,0,336.0,281.09,54.91,UPI,2,336.0,False,False,False,False,2024,11,Nov,Thursday,16.34
ORD1164,2024-11-07,C0164,Vijay Iyer,Male,28,Hyderabad,East,Snacks,Biscuits Pack,9,81,0,729.0,531.82,197.18,Card,2,729.0,False,False,False,False,2024,11,Nov,Thursday,27.05
ORD1736,2024-11-08,C0736,Swathi Menon,Female,31,Coimbatore,South,Household,Detergent,3,628,15,1601.4,980.32,621.08,UPI,4,1601.4,False,False,False,False,2024,11,Nov,Friday,38.78
ORD1399,2024-11-08,C0399,Ravi Patel,Female,53,Coimbatore,South,Fruits,Banana Dozen,6,516,15,2631.6,1871.96,759.64,UPI,2,2631.6,False,False,False,False,2024,11,Nov,Friday,28.87
ORD1958,2024-11-10,C0958,Karthik Mohan,Male,62,Delhi,North,Dairy,Yogurt Pack,1,404,10,363.6,219.63,143.97,Card,4,363.6,False,False,False,False,2024,11,Nov,Sunday,39.6
ORD1917,2024-11-10,C0917,Sanjay Sharma,Female,48,Coimbatore,South,Beverages,Tea Powder,8,601,15,4086.8,3285.24,801.56,UPI,2,4086.8,False,False,False,False,2024,11,Nov,Sunday,19.61
ORD1341,2024-11-10,C0341,Nisha Gupta,Female,39,Bangalore,West,Snacks,Namkeen,2,252,10,453.6,297.49,156.11,Card,3,453.6,False,False,False,False,2024,11,Nov,Sunday,34.42
ORD1032,2024-11-11,C0032,Meena Iyer,Female,20,Delhi,North,Grocery,Sugar 5Kg,9,176,15,1346.4,850.74,495.66,Card,2,1346.4,False,False,False,False,2024,11,Nov,Monday,36.81
ORD1853,2024-11-12,C0853,Deepa Das,Male,35,Salem,South,Snacks,Namkeen,3,789,0,2367.0,1774.59,592.41,Cash,5,2367.0,False,False,False,False,2024,11,Nov,Tuesday,25.03
ORD1134,2024-11-13,C0134,Rahul Patel,Female,26,Madurai,South,Snacks,Chips Pack,10,704,5,6688.0,5545.6,1142.4,Cash,1,6688.0,False,False,True,False,2024,11,Nov,Wednesday,17.08
ORD1533,2024-11-14,C0533,Shalini Das,Male,61,Chennai,South,Snacks,Biscuits Pack,8,421,20,2694.4,1694.67,999.73,Cash,1,2694.4,False,False,False,False,2024,11,Nov,Thursday,37.1
ORD1117,2024-11-15,C0117,Karthik Mohan,Female,54,Hyderabad,East,Beverages,Tea Powder,7,489,10,3080.7,1969.65,1111.05,Cash,1,3080.7,False,False,False,False,2024,11,Nov,Friday,36.06
ORD1534,2024-11-15,C0534,Prakash Patel,Male,38,Chennai,South,Vegetables,Potato 2Kg,2,558,10,1004.4,608.28,396.12,UPI,2,1004.4,False,False,False,False,2024,11,Nov,Friday,39.44
ORD1641,2024-11-15,C0641,Karthik Singh,Female,32,Kochi,South,Beverages,Juice Pack,2,419,10,754.2,538.68,215.52,Cash,4,754.2,False,False,False,False,2024,11,Nov,Friday,28.58
ORD1122,2024-11-16,C0122,Rohit Raj,Female,54,Chennai,South,Beverages,Soft Drink,7,44,15,261.8,217.37,44.43,Card,4,261.8,False,False,False,False,2024,11,Nov,Saturday,16.97
ORD1111,2024-11-16,C0111,Sanjay Iyer,Female,41,Kochi,South,Personal Care,Soap Pack,7,450,0,3150.0,2136.13,1013.87,UPI,4,3150.0,False,False,False,False,2024,11,Nov,Saturday,32.19
ORD1995,2024-11-16,C0995,Deepa Singh,Female,63,Bangalore,West,Household,Detergent,4,629,20,2012.8,1466.29,546.51,Card,2,2012.8,False,False,False,False,2024,11,Nov,Saturday,27.15
ORD1251,2024-11-16,C0251,Nisha Iyer,Male,33,Salem,South,Snacks,Namkeen,10,629,0,6290.0,4830.89,1459.11,Card,1,6290.0,False,False,False,False,2024,11,Nov,Saturday,23.2
ORD1398,2024-11-16,C0398,Anitha Paul,Male,32,Delhi,North,Snacks,Namkeen,6,348,15,1774.8,1139.71,635.09,Cash,4,1774.8,False,False,False,False,2024,11,Nov,Saturday,35.78
ORD1037,2024-11-17,C0037,Harini Patel,Female,56,Madurai,South,Fruits,Apple 1Kg,10,469,10,4221.0,3301.4,919.6,Cash,1,4221.0,False,False,False,False,2024,11,Nov,Sunday,21.79
ORD1675,2024-11-17,C0675,Harini Verma,Male,25,Coimbatore,South,Household,Cleaner,1,435,5,413.25,312.86,100.39,UPI,2,413.25,False,False,False,False,2024,11,Nov,Sunday,24.29
ORD1290,2024-11-18,C0290,Ravi Menon,Female,62,Hyderabad,East,Beverages,Coffee Powder,3,267,10,720.9,479.58,241.32,Cash,3,720.9,False,False,False,False,2024,11,Nov,Monday,33.47
ORD1528,2024-11-19,C0528,Shalini Gupta,Male,31,Chennai,South,Personal Care,Toothpaste,9,331,20,2383.2,1861.85,521.35,Cash,3,2383.2,False,False,False,False,2024,11,Nov,Tuesday,21.88
ORD1467,2024-11-20,C0467,Pooja Rao,Female,46,Coimbatore,South,Vegetables,Onion 1Kg,9,134,5,1145.7,827.15,318.55,Cash,2,1145.7,False,False,False,False,2024,11,Nov,Wednesday,27.8
ORD1955,2024-11-20,C0955,Sanjay Mohan,Male,27,Pune,West,Dairy,Milk 1L,10,656,5,6232.0,4243.58,1988.42,Card,2,6232.0,False,False,False,True,2024,11,Nov,Wednesday,31.91
ORD1303,2024-11-21,C0303,Sneha Paul,Female,55,Hyderabad,East,Dairy,Yogurt Pack,6,202,5,1151.4,758.93,392.47,UPI,3,1151.4,False,False,False,False,2024,11,Nov,Thursday,34.09
ORD1169,2024-11-22,C0169,Priya Raj,Female,43,Trichy,South,Household,Mop Set,6,646,5,3682.2,2497.07,1185.13,UPI,3,3682.2,False,False,False,False,2024,11,Nov,Friday,32.19
ORD1301,2024-11-22,C0301,Sneha Sharma,Male,19,Mumbai,West,Vegetables,Onion 1Kg,6,422,10,2278.8,1469.72,809.08,Card,1,2278.8,False,False,False,False,2024,11,Nov,Friday,35.5
ORD1851,2024-11-23,C0851,Swathi Kannan,Female,61,Delhi,North,Fruits,Apple 1Kg,9,219,15,1675.35,1415.61,259.74,UPI,5,1675.35,False,False,False,False,2024,11,Nov,Saturday,15.5
ORD1208,2024-11-24,C0208,Dinesh Patel,Male,37,Delhi,North,Fruits,Apple 1Kg,6,616,20,2956.8,2345.14,611.66,UPI,5,2956.8,False,False,False,False,2024,11,Nov,Sunday,20.69
ORD1372,2024-11-25,C0372,Arun Babu,Female,44,Coimbatore,South,Snacks,Namkeen,2,421,20,673.6,506.24,167.36,Cash,2,673.6,False,False,False,False,2024,11,Nov,Monday,24.85
ORD1898,2024-11-25,C0898,Prakash Krishnan,Male,36,Chennai,South,Dairy,Cheese,3,66,0,198.0,121.38,76.62,Card,3,198.0,False,False,False,False,2024,11,Nov,Monday,38.7
ORD1405,2024-11-27,C0405,Hari Iyer,Male,63,Kochi,South,Vegetables,Potato 2Kg,8,72,0,576.0,486.8,89.2,Cash,3,576.0,False,False,False,False,2024,11,Nov,Wednesday,15.49
ORD1007,2024-11-28,C0007,Swathi Raj,Male,32,Kochi,South,Dairy,Milk 1L,7,301,20,1685.6,1103.91,581.69,UPI,3,1685.6,False,False,False,False,2024,11,Nov,Thursday,34.51
ORD1249,2024-11-29,C0249,Hari Raj,Male,47,Madurai,South,Fruits,Orange 1Kg,10,129,20,1032.0,667.44,364.56,UPI,3,1032.0,False,False,False,False,2024,11,Nov,Friday,35.33
ORD1052,2024-11-30,C0052,Aarthi Mohan,Female,42,Chennai,South,Household,Detergent,5,413,10,1858.5,1213.44,645.06,Card,4,1858.5,False,False,False,False,2024,11,Nov,Saturday,34.71
ORD1293,2024-12-01,C0293,Kavya Das,Male,23,Coimbatore,South,Beverages,Coffee Powder,5,746,20,2984.0,1820.49,1163.51,Cash,2,2984.0,False,False,False,False,2024,12,Dec,Sunday,38.99
ORD1753,2024-12-02,C0753,Aakash Paul,Male,62,Bangalore,West,Dairy,Yogurt Pack,6,240,15,1224.0,1027.85,196.15,UPI,1,1224.0,False,False,False,False,2024,12,Dec,Monday,16.03
ORD1768,2024-12-02,C0768,Divya Kumar,Male,24,Delhi,North,Personal Care,Toothpaste,2,372,0,744.0,530.86,213.14,UPI,1,744.0,False,False,False,False,2024,12,Dec,Monday,28.65
ORD1236,2024-12-03,C0236,Deepa Rao,Female,39,Hyderabad,East,Fruits,Apple 1Kg,6,660,15,3366.0,2696.23,669.77,Card,5,3366.0,False,False,False,False,2024,12,Dec,Tuesday,19.9
ORD1192,2024-12-04,C0192,Ravi Menon,Male,64,Mumbai,West,Household,Detergent,8,304,5,2310.4,1853.41,456.99,Card,3,2310.4,False,False,False,False,2024,12,Dec,Wednesday,19.78
ORD1242,2024-12-05,C0242,Dinesh Joseph,Female,24,Delhi,North,Snacks,Namkeen,1,601,15,510.85,429.98,80.87,UPI,1,510.85,False,False,False,False,2024,12,Dec,Thursday,15.83
ORD1873,2024-12-07,C0873,Hari Paul,Female,27,Madurai,South,Beverages,Soft Drink,6,680,0,4080.0,2818.08,1261.92,UPI,3,4080.0,False,False,False,False,2024,12,Dec,Saturday,30.93
ORD1854,2024-12-07,C0854,Pooja Mohan,Male,63,Trichy,South,Household,Cleaner,8,323,15,2196.4,1350.13,846.27,UPI,2,2196.4,False,False,False,False,2024,12,Dec,Saturday,38.53
ORD1484,2024-12-08,C0484,Divya Kumar,Female,45,Chennai,South,Beverages,Juice Pack,10,415,0,4150.0,3299.38,850.62,Card,1,4150.0,False,False,False,False,2024,12,Dec,Sunday,20.5
ORD1762,2024-12-08,C0762,Ajay Reddy,Male,54,Mumbai,West,Fruits,Banana Dozen,8,348,0,2784.0,1943.13,840.87,UPI,2,2784.0,False,False,False,False,2024,12,Dec,Sunday,30.2
ORD1591,2024-12-08,C0591,Keerthana Das,Female,20,Pune,West,Grocery,Rice 5Kg,6,316,5,1801.2,1276.45,524.75,UPI,1,1801.2,False,False,False,False,2024,12,Dec,Sunday,29.13
ORD1959,2024-12-09,C0959,Divya Rao,Male,29,Bangalore,West,Personal Care,Soap Pack,6,580,15,2958.0,2161.68,796.32,Card,4,2958.0,False,False,False,False,2024,12,Dec,Monday,26.92
ORD1936,2024-12-09,C0936,Suresh Babu,Male,33,Madurai,South,Dairy,Cheese,2,104,10,187.2,140.55,46.65,Card,2,187.2,False,False,False,False,2024,12,Dec,Monday,24.92
ORD1191,2024-12-09,C0191,Arun Kannan,Female,47,Chennai,South,Fruits,Apple 1Kg,5,606,20,2424.0,1519.42,904.58,Cash,5,2424.0,False,False,False,False,2024,12,Dec,Monday,37.32
ORD1050,2024-12-10,C0050,Vignesh Raj,Female,64,Trichy,South,Dairy,Cheese,5,471,15,2001.75,1215.58,786.17,UPI,4,2001.75,False,False,False,False,2024,12,Dec,Tuesday,39.27
ORD1003,2024-12-10,C0003,Nisha Singh,Male,23,Coimbatore,South,Fruits,Apple 1Kg,7,373,10,2349.9,1501.28,848.62,Card,1,2349.9,False,False,False,False,2024,12,Dec,Tuesday,36.11
ORD1764,2024-12-14,C0764,Arun Gupta,Male,39,Salem,South,Grocery,Sugar 5Kg,4,135,15,459.0,302.75,156.25,Cash,2,459.0,False,False,False,False,2024,12,Dec,Saturday,34.04
ORD1772,2024-12-15,C0772,Arun Nair,Male,60,Bangalore,West,Grocery,Cooking Oil 1L,4,230,5,874.0,695.98,178.02,Card,4,874.0,False,False,False,False,2024,12,Dec,Sunday,20.37
ORD1752,2024-12-16,C0752,Karthik Iyer,Female,63,Trichy,South,Fruits,Banana Dozen,10,541,10,4869.0,3997.37,871.63,Card,3,4869.0,False,False,False,False,2024,12,Dec,Monday,17.9
ORD1596,2024-12-17,C0596,Vijay Babu,Male,36,Coimbatore,South,Grocery,Sugar 5Kg,2,501,15,851.7,600.07,251.63,Cash,2,851.7,False,False,False,False,2024,12,Dec,Tuesday,29.54
ORD1648,2024-12-17,C0648,Dinesh Kumar,Male,20,Salem,South,Household,Detergent,8,527,20,3372.8,2244.32,1128.48,Card,1,3372.8,False,False,False,False,2024,12,Dec,Tuesday,33.46
ORD1339,2024-12-17,C0339,Manoj Kannan,Male,61,Chennai,South,Personal Care,Soap Pack,10,750,20,6000.0,4824.02,1175.98,Cash,4,6000.0,False,False,False,False,2024,12,Dec,Tuesday,19.6
ORD1246,2024-12-17,C0246,Aarthi Singh,Male,61,Salem,South,Vegetables,Tomato 1Kg,1,752,0,752.0,455.45,296.55,UPI,2,752.0,False,False,False,False,2024,12,Dec,Tuesday,39.43
ORD1264,2024-12-17,C0264,Anitha Menon,Male,20,Mumbai,West,Fruits,Banana Dozen,10,158,20,1264.0,1027.77,236.23,UPI,4,1264.0,False,False,False,False,2024,12,Dec,Tuesday,18.69
ORD1320,2024-12-18,C0320,Nisha Nair,Female,55,Chennai,South,Fruits,Orange 1Kg,3,795,0,2385.0,1482.1,902.9,UPI,5,2385.0,False,False,False,False,2024,12,Dec,Wednesday,37.86
ORD1163,2024-12-18,C0163,Sneha Verma,Male,53,Bangalore,West,Beverages,Tea Powder,2,485,15,824.5,634.89,189.61,Cash,5,824.5,False,False,False,False,2024,12,Dec,Wednesday,23.0
ORD1394,2024-12-18,C0394,Keerthana Patel,Male,44,Mumbai,West,Personal Care,Toothpaste,2,337,5,640.3,503.96,136.34,Cash,5,640.3,False,False,False,False,2024,12,Dec,Wednesday,21.29
ORD1606,2024-12-19,C0606,Harini Reddy,Female,49,Mumbai,West,Vegetables,Potato 2Kg,7,308,0,2156.0,1327.76,828.24,Cash,5,2156.0,False,False,False,False,2024,12,Dec,Thursday,38.42
ORD1092,2024-12-19,C0092,Lakshmi Yadav,Female,58,Pune,West,Household,Mop Set,9,186,0,1674.0,1189.26,484.74,Card,3,1674.0,False,False,False,False,2024,12,Dec,Thursday,28.96
ORD1987,2024-12-20,C0987,Dinesh Paul,Female,23,Madurai,South,Beverages,Soft Drink,7,765,10,4819.5,3222.65,1596.85,Cash,3,4819.5,False,False,False,False,2024,12,Dec,Friday,33.13
ORD1844,2024-12-22,C0844,Deepa Kumar,Female,48,Kochi,South,Dairy,Yogurt Pack,7,781,20,4373.6,3492.28,881.32,Cash,1,4373.6,False,False,False,False,2024,12,Dec,Sunday,20.15
ORD1427,2024-12-22,C0427,Prakash Joseph,Female,35,Madurai,South,Grocery,Rice 5Kg,9,316,20,2275.2,1885.58,389.62,UPI,5,2275.2,False,False,False,False,2024,12,Dec,Sunday,17.12
ORD1257,2024-12-22,C0257,Hari Mohan,Male,46,Madurai,South,Dairy,Cheese,4,329,0,1316.0,937.56,378.44,UPI,2,1316.0,False,False,False,False,2024,12,Dec,Sunday,28.76
ORD1332,2024-12-24,C0332,Prakash Nair,Female,28,Delhi,North,Vegetables,Potato 2Kg,8,206,15,1400.8,1046.01,354.79,Card,1,1400.8,False,False,False,False,2024,12,Dec,Tuesday,25.33
ORD1053,2024-12-24,C0053,Hari Gupta,Male,59,Kochi,South,Fruits,Apple 1Kg,1,792,20,633.6,388.41,245.19,UPI,1,633.6,False,False,False,False,2024,12,Dec,Tuesday,38.7
ORD1049,2024-12-26,C0049,Nisha Mohan,Female,42,Delhi,North,Personal Care,Soap Pack,1,614,15,521.9,375.37,146.53,Card,5,521.9,False,False,False,False,2024,12,Dec,Thursday,28.08
ORD1426,2024-12-27,C0426,Sanjay Verma,Female,43,Chennai,South,Dairy,Yogurt Pack,3,113,10,305.1,242.53,62.57,Cash,2,305.1,False,False,False,False,2024,12,Dec,Friday,20.51
ORD1651,2024-12-27,C0651,Kavya Krishnan,Female,38,Salem,South,Grocery,Cooking Oil 1L,8,630,15,4284.0,3231.14,1052.86,UPI,1,4284.0,False,False,False,False,2024,12,Dec,Friday,24.58
ORD1919,2024-12-27,C0919,Prakash Menon,Female,32,Trichy,South,Snacks,Biscuits Pack,1,257,15,218.45,152.12,66.33,Cash,4,218.45,False,False,False,False,2024,12,Dec,Friday,30.36
ORD1878,2024-12-28,C0878,Kavya Mohan,Female,50,Delhi,North,Dairy,Yogurt Pack,7,748,15,4450.6,2874.09,1576.51,Card,3,4450.6,False,False,False,False,2024,12,Dec,Saturday,35.42
ORD1060,2024-12-29,C0060,Vijay Singh,Female,39,Chennai,South,Personal Care,Soap Pack,8,357,5,2713.2,1958.63,754.57,Card,5,2713.2,False,False,False,False,2024,12,Dec,Sunday,27.81
ORD1841,2024-12-30,C0841,Arun Nair,Female,24,Bangalore,West,Vegetables,Tomato 1Kg,7,412,20,2307.2,1417.34,889.86,UPI,4,2307.2,False,False,False,False,2024,12,Dec,Monday,38.57
ORD1775,2025-01-01,C0775,Suresh Patel,Male,53,Hyderabad,East,Personal Care,Shampoo,3,31,10,83.7,50.43,33.27,UPI,2,83.7,False,False,False,False,2025,1,Jan,Wednesday,39.75
ORD1549,2025-01-02,C0549,Sanjay Nair,Male,36,Chennai,South,Vegetables,Onion 1Kg,1,745,20,596.0,479.89,116.11,UPI,2,596.0,False,False,False,False,2025,1,Jan,Thursday,19.48
ORD1551,2025-01-03,C0551,Aakash Kannan,Female,27,Coimbatore,South,Snacks,Chips Pack,4,593,15,2016.2,1634.8,381.4,Card,2,2016.2,False,False,False,False,2025,1,Jan,Friday,18.92
ORD1843,2025-01-03,C0843,Shalini Mohan,Male,65,Hyderabad,East,Household,Cleaner,4,28,10,100.8,60.9,39.9,Card,4,100.8,False,False,False,False,2025,1,Jan,Friday,39.58
ORD1241,2025-01-03,C0241,Aarthi Nair,Male,24,Mumbai,West,Personal Care,Toothpaste,7,581,0,4067.0,3244.17,822.83,UPI,3,4067.0,False,False,False,False,2025,1,Jan,Friday,20.23
ORD1619,2025-01-04,C0619,Rohit Babu,Female,27,Delhi,North,Household,Mop Set,10,548,0,5480.0,4532.57,947.43,Cash,4,5480.0,False,False,False,False,2025,1,Jan,Saturday,17.29
ORD1640,2025-01-04,C0640,Priya Paul,Female,53,Madurai,South,Beverages,Juice Pack,8,137,20,876.8,555.87,320.93,Cash,1,876.8,False,False,False,False,2025,1,Jan,Saturday,36.6
ORD1761,2025-01-05,C0761,Rahul Singh,Male,64,Hyderabad,East,Vegetables,Potato 2Kg,5,149,20,596.0,427.12,168.88,UPI,1,596.0,False,False,False,False,2025,1,Jan,Sunday,28.34
ORD1540,2025-01-07,C0540,Ravi Raj,Female,29,Trichy,South,Household,Mop Set,4,172,20,550.4,365.75,184.65,Cash,3,550.4,False,False,False,False,2025,1,Jan,Tuesday,33.55
ORD1604,2025-01-09,C0604,Vignesh Menon,Female,29,Madurai,South,Vegetables,Tomato 1Kg,7,399,15,2374.05,1791.89,582.16,Cash,5,2374.05,False,False,False,False,2025,1,Jan,Thursday,24.52
ORD1406,2025-01-09,C0406,Karthik Menon,Male,51,Mumbai,West,Fruits,Orange 1Kg,10,203,15,1725.5,1317.28,408.22,Card,4,1725.5,False,False,False,False,2025,1,Jan,Thursday,23.66
ORD1482,2025-01-10,C0482,Rohit Reddy,Male,32,Chennai,South,Snacks,Biscuits Pack,8,389,5,2956.4,1876.14,1080.26,Card,3,2956.4,False,False,False,False,2025,1,Jan,Friday,36.54
ORD1830,2025-01-12,C0830,Nisha Patel,Male,59,Salem,South,Dairy,Cheese,6,546,15,2784.6,2112.8,671.8,Card,4,2784.6,False,False,False,False,2025,1,Jan,Sunday,24.13
ORD1098,2025-01-12,C0098,Nisha Raj,Female,55,Hyderabad,East,Vegetables,Tomato 1Kg,1,295,20,236.0,148.89,87.11,Card,3,236.0,False,False,False,False,2025,1,Jan,Sunday,36.91
ORD1734,2025-01-13,C0734,Prakash Krishnan,Male,56,Kochi,South,Beverages,Tea Powder,8,58,5,440.8,368.52,72.28,Card,1,440.8,False,False,False,False,2025,1,Jan,Monday,16.4
ORD1404,2025-01-13,C0404,Meena Babu,Male,20,Chennai,South,Household,Mop Set,4,524,5,1991.2,1226.01,765.19,Cash,2,1991.2,False,False,False,False,2025,1,Jan,Monday,38.43
ORD1735,2025-01-15,C0735,Sneha Rao,Female,41,Delhi,North,Beverages,Juice Pack,5,66,20,264.0,168.52,95.48,Card,3,264.0,False,False,False,False,2025,1,Jan,Wednesday,36.17
ORD1900,2025-01-15,C0900,Harini Patel,Male,59,Bangalore,West,Snacks,Chips Pack,6,785,20,3768.0,2758.99,1009.01,Card,2,3768.0,False,False,False,False,2025,1,Jan,Wednesday,26.78
ORD1728,2025-01-16,C0728,Divya Reddy,Female,58,Salem,South,Fruits,Apple 1Kg,7,542,0,3794.0,2970.69,823.31,Cash,3,3794.0,False,False,False,False,2025,1,Jan,Thursday,21.7
ORD1112,2025-01-16,C0112,Rohit Das,Male,53,Madurai,South,Beverages,Coffee Powder,2,467,0,934.0,734.26,199.74,UPI,5,934.0,False,False,False,False,2025,1,Jan,Thursday,21.39
ORD1346,2025-01-17,C0346,Hari Reddy,Male,38,Kochi,South,Personal Care,Soap Pack,7,29,0,203.0,148.89,54.11,Cash,2,203.0,False,False,False,False,2025,1,Jan,Friday,26.66
ORD1531,2025-01-18,C0531,Anitha Das,Male,30,Salem,South,Vegetables,Potato 2Kg,4,562,10,2023.2,1302.44,720.76,UPI,4,2023.2,False,False,False,False,2025,1,Jan,Saturday,35.62
ORD1142,2025-01-18,C0142,Aarthi Patel,Male,19,Mumbai,West,Grocery,Cooking Oil 1L,6,266,15,1356.6,1151.25,205.35,Card,1,1356.6,False,False,False,False,2025,1,Jan,Saturday,15.14
ORD1828,2025-01-18,C0828,Suresh Iyer,Female,43,Coimbatore,South,Household,Detergent,4,29,0,116.0,94.59,21.41,Card,4,116.0,False,False,False,False,2025,1,Jan,Saturday,18.46
ORD1755,2025-01-20,C0755,Aarthi Mohan,Female,42,Pune,West,Beverages,Coffee Powder,8,713,0,5704.0,3925.77,1778.23,UPI,1,5704.0,False,False,False,True,2025,1,Jan,Monday,31.18
ORD1810,2025-01-21,C0810,Ajay Gupta,Male,33,Salem,South,Beverages,Soft Drink,8,78,20,499.2,300.1,199.1,Card,2,499.2,False,False,False,False,2025,1,Jan,Tuesday,39.88
ORD1677,2025-01-21,C0677,Hari Menon,Male,19,Trichy,South,Vegetables,Potato 2Kg,2,449,10,808.2,521.67,286.53,UPI,5,808.2,False,False,False,False,2025,1,Jan,Tuesday,35.45
ORD1730,2025-01-21,C0730,Kavya Verma,Male,24,Salem,South,Dairy,Cheese,5,707,20,2828.0,2172.21,655.79,Card,5,2828.0,False,False,False,False,2025,1,Jan,Tuesday,23.19
ORD1203,2025-01-21,C0203,Ravi Yadav,Female,23,Coimbatore,South,Personal Care,Shampoo,7,408,15,2427.6,1728.78,698.82,Cash,5,2427.6,False,False,False,False,2025,1,Jan,Tuesday,28.79
ORD1004,2025-01-22,C0004,Vijay Patel,Male,53,Delhi,North,Vegetables,Potato 2Kg,5,69,15,293.25,215.26,77.99,Card,5,293.25,False,False,False,False,2025,1,Jan,Wednesday,26.6
ORD1508,2025-01-24,C0508,Pooja Patel,Female,43,Trichy,South,Vegetables,Potato 2Kg,7,439,0,3073.0,2310.84,762.16,Cash,5,3073.0,False,False,False,False,2025,1,Jan,Friday,24.8
ORD1870,2025-01-25,C0870,Keerthana Yadav,Male,43,Delhi,North,Snacks,Namkeen,7,101,20,565.6,375.41,190.19,Card,1,565.6,False,False,False,False,2025,1,Jan,Saturday,33.63
ORD1300,2025-01-26,C0300,Aarthi Nair,Female,48,Mumbai,West,Dairy,Yogurt Pack,4,670,20,2144.0,1712.44,431.56,Cash,4,2144.0,False,False,False,False,2025,1,Jan,Sunday,20.13
ORD1500,2025-01-26,C0500,Aarthi Paul,Male,44,Coimbatore,South,Fruits,Apple 1Kg,6,427,5,2433.9,1513.76,920.14,UPI,5,2433.9,False,False,False,False,2025,1,Jan,Sunday,37.81
ORD1139,2025-01-26,C0139,Sneha Patel,Female,28,Bangalore,West,Household,Detergent,10,476,15,4046.0,3205.89,840.11,UPI,5,4046.0,False,False,False,False,2025,1,Jan,Sunday,20.76
ORD1680,2025-01-26,C0680,Arun Babu,Male,45,Trichy,South,Dairy,Yogurt Pack,4,297,10,1069.2,841.04,228.16,UPI,5,1069.2,False,False,False,False,2025,1,Jan,Sunday,21.34
ORD1082,2025-01-27,C0082,Swathi Nair,Male,56,Kochi,South,Fruits,Banana Dozen,8,274,15,1863.2,1374.7,488.5,Cash,2,1863.2,False,False,False,False,2025,1,Jan,Monday,26.22
ORD1578,2025-01-28,C0578,Lakshmi Reddy,Male,37,Salem,South,Beverages,Soft Drink,4,205,20,656.0,400.05,255.95,Cash,4,656.0,False,False,False,False,2025,1,Jan,Tuesday,39.02
ORD1926,2025-01-28,C0926,Prakash Das,Male,55,Mumbai,West,Household,Cleaner,8,570,20,3648.0,2937.92,710.08,Cash,4,3648.0,False,False,False,False,2025,1,Jan,Tuesday,19.46
ORD1271,2025-01-28,C0271,Hari Menon,Female,45,Madurai,South,Dairy,Milk 1L,3,795,0,2385.0,1782.53,602.47,Card,2,2385.0,False,False,False,False,2025,1,Jan,Tuesday,25.26
ORD1697,2025-02-01,C0697,Ajay Joseph,Female,35,Madurai,South,Vegetables,Onion 1Kg,6,549,5,3129.3,2260.62,868.68,Cash,5,3129.3,False,False,False,False,2025,2,Feb,Saturday,27.76
ORD1671,2025-02-01,C0671,Aakash Joseph,Male,43,Bangalore,West,Fruits,Orange 1Kg,2,572,5,1086.8,885.1,201.7,Card,3,1086.8,False,False,False,False,2025,2,Feb,Saturday,18.56
ORD1248,2025-02-02,C0248,Aarthi Patel,Male,63,Chennai,South,Personal Care,Soap Pack,10,227,15,1929.5,1443.36,486.14,UPI,2,1929.5,False,False,False,False,2025,2,Feb,Sunday,25.2
ORD1655,2025-02-03,C0655,Meena Nair,Female,54,Kochi,South,Fruits,Apple 1Kg,10,47,10,423.0,293.75,129.25,UPI,4,423.0,False,False,False,False,2025,2,Feb,Monday,30.56
ORD1923,2025-02-03,C0923,Ajay Mohan,Female,64,Madurai,South,Fruits,Orange 1Kg,1,177,5,168.15,114.35,53.8,Card,1,168.15,False,False,False,False,2025,2,Feb,Monday,32.0
ORD1564,2025-02-03,C0564,Priya Kannan,Female,34,Kochi,South,Household,Mop Set,9,264,15,2019.6,1556.86,462.74,UPI,5,2019.6,False,False,False,False,2025,2,Feb,Monday,22.91
ORD1147,2025-02-03,C0147,Manoj Kannan,Female,20,Mumbai,West,Vegetables,Tomato 1Kg,9,544,20,3916.8,2892.71,1024.09,Cash,4,3916.8,False,False,False,False,2025,2,Feb,Monday,26.15
ORD1022,2025-02-03,C0022,Hari Patel,Female,47,Hyderabad,East,Household,Detergent,1,193,15,164.05,98.52,65.53,Card,4,164.05,False,False,False,False,2025,2,Feb,Monday,39.95
ORD1808,2025-02-04,C0808,Pooja Patel,Male,22,Delhi,North,Snacks,Biscuits Pack,2,206,10,370.8,233.99,136.81,Cash,1,370.8,False,False,False,False,2025,2,Feb,Tuesday,36.9
ORD1575,2025-02-04,C0575,Aakash Kannan,Male,50,Pune,West,Grocery,Rice 5Kg,7,297,5,1975.05,1530.69,444.36,Cash,4,1975.05,False,False,False,False,2025,2,Feb,Tuesday,22.5
ORD1486,2025-02-06,C0486,Keerthana Verma,Female,56,Mumbai,West,Snacks,Chips Pack,4,181,0,724.0,556.33,167.67,Cash,5,724.0,False,False,False,False,2025,2,Feb,Thursday,23.16
ORD1297,2025-02-08,C0297,Prakash Kannan,Female,19,Chennai,South,Grocery,Cooking Oil 1L,3,612,15,1560.6,1256.94,303.66,Card,4,1560.6,False,False,False,False,2025,2,Feb,Saturday,19.46
ORD1201,2025-02-09,C0201,Vignesh Rao,Female,18,Chennai,South,Household,Cleaner,9,498,10,4033.8,3149.67,884.13,Cash,2,4033.8,False,False,False,False,2025,2,Feb,Sunday,21.92
ORD1509,2025-02-09,C0509,Sanjay Iyer,Male,53,Kochi,South,Grocery,Rice 5Kg,8,68,5,516.8,377.1,139.7,Card,5,516.8,False,False,False,False,2025,2,Feb,Sunday,27.03
ORD1124,2025-02-09,C0124,Dinesh Raj,Female,65,Trichy,South,Personal Care,Shampoo,7,628,15,3736.6,2731.42,1005.18,Card,2,3736.6,False,False,False,False,2025,2,Feb,Sunday,26.9
ORD1449,2025-02-10,C0449,Sanjay Singh,Male,24,Trichy,South,Snacks,Namkeen,5,786,0,3930.0,2564.89,1365.11,UPI,4,3930.0,False,False,False,False,2025,2,Feb,Monday,34.74
ORD1157,2025-02-11,C0157,Dinesh Raj,Female,59,Kochi,South,Vegetables,Potato 2Kg,2,612,5,1162.8,851.59,311.21,Card,2,1162.8,False,False,False,False,2025,2,Feb,Tuesday,26.76
ORD1162,2025-02-11,C0162,Rohit Rao,Female,51,Mumbai,West,Vegetables,Potato 2Kg,3,651,0,1953.0,1203.9,749.1,Card,4,1953.0,False,False,False,False,2025,2,Feb,Tuesday,38.36
ORD1695,2025-02-12,C0695,Deepa Reddy,Male,19,Hyderabad,East,Personal Care,Shampoo,5,207,5,983.25,827.17,156.08,UPI,2,983.25,False,False,False,False,2025,2,Feb,Wednesday,15.87
ORD1891,2025-02-13,C0891,Meena Joseph,Female,26,Kochi,South,Beverages,Soft Drink,9,532,5,4548.6,3098.61,1449.99,UPI,1,4548.6,False,False,False,False,2025,2,Feb,Thursday,31.88
ORD1358,2025-02-13,C0358,Kavya Babu,Female,35,Madurai,South,Fruits,Orange 1Kg,6,375,5,2137.5,1343.33,794.17,Card,4,2137.5,False,False,False,False,2025,2,Feb,Thursday,37.15
ORD1116,2025-02-14,C0116,Nisha Singh,Male,27,Bangalore,West,Fruits,Banana Dozen,1,210,5,199.5,147.95,51.55,Cash,1,199.5,False,False,False,False,2025,2,Feb,Friday,25.84
ORD1934,2025-02-14,C0934,Karthik Sharma,Male,32,Madurai,South,Snacks,Chips Pack,9,411,5,3514.05,2761.28,752.77,Card,2,3514.05,False,False,False,False,2025,2,Feb,Friday,21.42
ORD1657,2025-02-15,C0657,Karthik Paul,Male,57,Salem,South,Beverages,Tea Powder,5,73,10,328.5,278.92,49.58,Cash,1,328.5,False,False,False,False,2025,2,Feb,Saturday,15.09
ORD1742,2025-02-15,C0742,Manoj Raj,Male,49,Delhi,North,Dairy,Yogurt Pack,8,111,20,710.4,534.02,176.38,UPI,3,710.4,False,False,False,False,2025,2,Feb,Saturday,24.83
ORD1364,2025-02-16,C0364,Manoj Joseph,Male,23,Chennai,South,Vegetables,Potato 2Kg,9,253,20,1821.6,1385.93,435.67,Card,4,1821.6,False,False,False,False,2025,2,Feb,Sunday,23.92
ORD1876,2025-02-16,C0876,Rahul Reddy,Female,55,Hyderabad,East,Snacks,Chips Pack,3,378,20,907.2,669.44,237.76,UPI,3,907.2,False,False,False,False,2025,2,Feb,Sunday,26.21
ORD1078,2025-02-17,C0078,Sneha Rao,Male,60,Madurai,South,Grocery,Cooking Oil 1L,6,283,10,1528.2,961.21,566.99,Cash,4,1528.2,False,False,False,False,2025,2,Feb,Monday,37.1
ORD1881,2025-02-19,C0881,Anitha Reddy,Male,57,Kochi,South,Snacks,Chips Pack,9,726,20,5227.2,4048.31,1178.89,UPI,1,5227.2,False,False,False,False,2025,2,Feb,Wednesday,22.55
ORD1550,2025-02-19,C0550,Keerthana Yadav,Female,45,Delhi,North,Personal Care,Toothpaste,7,665,10,4189.5,3259.19,930.31,Cash,2,4189.5,False,False,False,False,2025,2,Feb,Wednesday,22.21
ORD1665,2025-02-20,C0665,Dinesh Kannan,Female,60,Bangalore,West,Grocery,Rice 5Kg,10,330,0,3300.0,2722.97,577.03,Cash,1,3300.0,False,False,False,False,2025,2,Feb,Thursday,17.49
ORD1879,2025-02-20,C0879,Divya Kumar,Female,23,Trichy,South,Personal Care,Toothpaste,5,675,0,3375.0,2824.41,550.59,Cash,1,3375.0,False,False,False,False,2025,2,Feb,Thursday,16.31
ORD1061,2025-02-20,C0061,Pooja Rao,Female,53,Chennai,South,Fruits,Orange 1Kg,9,220,0,1980.0,1307.47,672.53,UPI,4,1980.0,False,False,False,False,2025,2,Feb,Thursday,33.97
ORD1744,2025-02-21,C0744,Rahul Kannan,Male,21,Coimbatore,South,Fruits,Apple 1Kg,5,116,5,551.0,372.86,178.14,Cash,3,551.0,False,False,False,False,2025,2,Feb,Friday,32.33
ORD1210,2025-02-22,C0210,Vijay Gupta,Male,37,Pune,West,Vegetables,Onion 1Kg,7,562,10,3540.6,2740.7,799.9,Card,2,3540.6,False,False,False,False,2025,2,Feb,Saturday,22.59
ORD1239,2025-02-22,C0239,Shalini Singh,Female,26,Trichy,South,Grocery,Cooking Oil 1L,8,323,0,2584.0,2079.45,504.55,Cash,3,2584.0,False,False,False,False,2025,2,Feb,Saturday,19.53
ORD1325,2025-02-24,C0325,Prakash Reddy,Female,42,Delhi,North,Beverages,Coffee Powder,2,317,20,507.2,415.92,91.28,Cash,4,507.2,False,False,False,False,2025,2,Feb,Monday,18.0
ORD1412,2025-02-24,C0412,Aarthi Raj,Male,55,Kochi,South,Beverages,Tea Powder,10,507,15,4309.5,2769.46,1540.04,UPI,5,4309.5,False,False,False,False,2025,2,Feb,Monday,35.74
ORD1887,2025-02-24,C0887,Harini Raj,Male,49,Trichy,South,Personal Care,Soap Pack,2,566,20,905.6,746.78,158.82,UPI,2,905.6,False,False,False,False,2025,2,Feb,Monday,17.54
ORD1090,2025-02-25,C0090,Vijay Krishnan,Male,28,Bangalore,West,Grocery,Sugar 5Kg,6,466,5,2656.2,1755.88,900.32,UPI,1,2656.2,False,False,False,False,2025,2,Feb,Tuesday,33.9
ORD1961,2025-02-25,C0961,Kavya Gupta,Male,49,Madurai,South,Beverages,Coffee Powder,2,690,0,1380.0,1040.61,339.39,Cash,5,1380.0,False,False,False,False,2025,2,Feb,Tuesday,24.59
ORD1444,2025-02-25,C0444,Lakshmi Kumar,Male,40,Bangalore,West,Fruits,Banana Dozen,9,595,10,4819.5,3306.35,1513.15,Cash,5,4819.5,False,False,False,False,2025,2,Feb,Tuesday,31.4
ORD1745,2025-02-26,C0745,Prakash Singh,Female,34,Chennai,South,Snacks,Biscuits Pack,5,424,0,2120.0,1441.62,678.38,Card,1,2120.0,False,False,False,False,2025,2,Feb,Wednesday,32.0
ORD1562,2025-02-26,C0562,Kavya Babu,Female,33,Madurai,South,Grocery,Sugar 5Kg,3,634,5,1806.9,1462.51,344.39,Cash,4,1806.9,False,False,False,False,2025,2,Feb,Wednesday,19.06
ORD1946,2025-02-27,C0946,Rohit Sharma,Female,34,Mumbai,West,Household,Mop Set,10,346,10,3114.0,1933.4,1180.6,Cash,1,3114.0,False,False,False,False,2025,2,Feb,Thursday,37.91
ORD1503,2025-02-27,C0503,Shalini Kannan,Female,37,Bangalore,West,Beverages,Tea Powder,3,769,0,2307.0,1825.66,481.34,Card,3,2307.0,False,False,False,False,2025,2,Feb,Thursday,20.86
ORD1188,2025-02-27,C0188,Sneha Das,Female,63,Chennai,South,Dairy,Milk 1L,9,256,5,2188.8,1342.0,846.8,Card,1,2188.8,False,False,False,False,2025,2,Feb,Thursday,38.69
ORD1972,2025-02-27,C0972,Vignesh Reddy,Male,49,Trichy,South,Household,Mop Set,7,128,15,761.6,608.41,153.19,Cash,1,761.6,False,False,False,False,2025,2,Feb,Thursday,20.11
ORD1216,2025-02-27,C0216,Karthik Joseph,Male,54,Madurai,South,Household,Mop Set,8,352,5,2675.2,1853.05,822.15,UPI,2,2675.2,False,False,False,False,2025,2,Feb,Thursday,30.73
ORD1524,2025-02-28,C0524,Sneha Iyer,Female,20,Pune,West,Grocery,Cooking Oil 1L,2,780,5,1482.0,1185.44,296.56,Card,3,1482.0,False,False,False,False,2025,2,Feb,Friday,20.01
ORD1621,2025-02-28,C0621,Keerthana Raj,Male,55,Salem,South,Personal Care,Soap Pack,3,770,15,1963.5,1535.75,427.75,Cash,1,1963.5,False,False,False,False,2025,2,Feb,Friday,21.79
ORD1167,2025-03-02,C0167,Pooja Rao,Male,49,Pune,West,Beverages,Coffee Powder,10,296,5,2812.0,2226.37,585.63,Cash,5,2812.0,False,False,False,False,2025,3,Mar,Sunday,20.83
ORD1793,2025-03-05,C0793,Vijay Gupta,Female,61,Chennai,South,Fruits,Orange 1Kg,8,699,10,5032.8,3447.24,1585.56,Card,5,5032.8,False,False,False,False,2025,3,Mar,Wednesday,31.5
ORD1324,2025-03-05,C0324,Shalini Patel,Male,44,Mumbai,West,Vegetables,Potato 2Kg,8,37,20,236.8,176.86,59.94,UPI,2,236.8,False,False,False,False,2025,3,Mar,Wednesday,25.31
ORD1769,2025-03-07,C0769,Vijay Kumar,Female,64,Delhi,North,Beverages,Tea Powder,3,677,20,1624.8,1078.98,545.82,Cash,4,1624.8,False,False,False,False,2025,3,Mar,Friday,33.59
ORD1010,2025-03-08,C0010,Suresh Paul,Male,42,Chennai,South,Household,Detergent,2,181,5,343.9,274.44,69.46,Card,5,343.9,False,False,False,False,2025,3,Mar,Saturday,20.2
ORD1490,2025-03-09,C0490,Divya Sharma,Female,40,Pune,West,Personal Care,Soap Pack,10,116,0,1160.0,890.81,269.19,UPI,3,1160.0,False,False,False,False,2025,3,Mar,Sunday,23.21
ORD1276,2025-03-09,C0276,Sneha Iyer,Female,23,Mumbai,West,Grocery,Cooking Oil 1L,5,668,20,2672.0,2115.63,556.37,Cash,5,2672.0,False,False,False,False,2025,3,Mar,Sunday,20.82
ORD1436,2025-03-09,C0436,Ajay Kumar,Female,52,Trichy,South,Fruits,Banana Dozen,10,156,0,1560.0,1141.04,418.96,UPI,5,1560.0,False,False,False,False,2025,3,Mar,Sunday,26.86
ORD1553,2025-03-10,C0553,Anitha Menon,Female,42,Delhi,North,Household,Cleaner,7,663,5,4408.95,3146.22,1262.73,Card,2,4408.95,False,False,False,False,2025,3,Mar,Monday,28.64
ORD1929,2025-03-10,C0929,Deepa Yadav,Female,21,Madurai,South,Grocery,Wheat Flour 10Kg,3,411,0,1233.0,954.38,278.62,Cash,1,1233.0,False,False,False,False,2025,3,Mar,Monday,22.6
ORD1639,2025-03-10,C0639,Harini Rao,Male,50,Pune,West,Snacks,Chips Pack,2,210,10,378.0,319.53,58.47,UPI,4,378.0,False,False,False,False,2025,3,Mar,Monday,15.47
ORD1644,2025-03-10,C0644,Swathi Patel,Female,35,Bangalore,West,Vegetables,Tomato 1Kg,4,634,15,2155.6,1359.52,796.08,Cash,5,2155.6,False,False,False,False,2025,3,Mar,Monday,36.93
ORD1698,2025-03-12,C0698,Anitha Iyer,Male,20,Hyderabad,East,Personal Care,Shampoo,6,653,5,3722.1,2637.21,1084.89,Cash,3,3722.1,False,False,False,False,2025,3,Mar,Wednesday,29.15
ORD1108,2025-03-12,C0108,Harini Paul,Male,49,Pune,West,Fruits,Banana Dozen,1,87,15,73.95,60.03,13.92,Cash,4,73.95,False,False,False,False,2025,3,Mar,Wednesday,18.82
ORD1009,2025-03-14,C0009,Rahul Singh,Female,41,Trichy,South,Fruits,Apple 1Kg,9,576,10,4665.6,3670.68,994.92,UPI,2,4665.6,False,False,False,False,2025,3,Mar,Friday,21.32
ORD1265,2025-03-14,C0265,Manoj Raj,Male,62,Coimbatore,South,Grocery,Rice 5Kg,8,492,0,3936.0,3337.57,598.43,UPI,3,3936.0,False,False,False,False,2025,3,Mar,Friday,15.2
ORD1893,2025-03-15,C0893,Rohit Joseph,Male,57,Kochi,South,Grocery,Cooking Oil 1L,5,313,15,1330.25,825.62,504.63,UPI,5,1330.25,False,False,False,False,2025,3,Mar,Saturday,37.93
ORD1263,2025-03-15,C0263,Divya Gupta,Male,49,Pune,West,Household,Cleaner,6,89,20,427.2,298.8,128.4,Card,3,427.2,False,False,False,False,2025,3,Mar,Saturday,30.06
ORD1894,2025-03-15,C0894,Kavya Patel,Male,48,Salem,South,Snacks,Biscuits Pack,2,294,5,558.6,428.21,130.39,Cash,1,558.6,False,False,False,False,2025,3,Mar,Saturday,23.34
ORD1696,2025-03-18,C0696,Karthik Das,Female,61,Salem,South,Personal Care,Soap Pack,3,148,10,399.6,288.8,110.8,Cash,2,399.6,False,False,False,False,2025,3,Mar,Tuesday,27.73
ORD1371,2025-03-19,C0371,Ravi Rao,Female,50,Chennai,South,Snacks,Chips Pack,9,778,0,7002.0,5169.62,1832.38,UPI,5,7002.0,False,False,True,True,2025,3,Mar,Wednesday,26.17
ORD1278,2025-03-20,C0278,Karthik Mohan,Male,47,Hyderabad,East,Fruits,Orange 1Kg,4,84,5,319.2,198.4,120.8,Cash,5,319.2,False,False,False,False,2025,3,Mar,Thursday,37.84
ORD1679,2025-03-21,C0679,Kavya Das,Female,61,Coimbatore,South,Beverages,Juice Pack,10,145,0,1450.0,1130.49,319.51,Card,1,1450.0,False,False,False,False,2025,3,Mar,Friday,22.04
ORD1770,2025-03-22,C0770,Deepa Singh,Female,37,Coimbatore,South,Snacks,Biscuits Pack,1,86,5,81.7,55.39,26.31,Cash,5,81.7,False,False,False,False,2025,3,Mar,Saturday,32.2
ORD1076,2025-03-22,C0076,Lakshmi Kumar,Female,23,Pune,West,Household,Cleaner,8,309,5,2348.4,1994.35,354.05,Card,3,2348.4,False,False,False,False,2025,3,Mar,Saturday,15.08
ORD1663,2025-03-22,C0663,Prakash Gupta,Female,59,Chennai,South,Snacks,Biscuits Pack,4,342,15,1162.8,838.78,324.02,UPI,2,1162.8,False,False,False,False,2025,3,Mar,Saturday,27.87
ORD1594,2025-03-22,C0594,Keerthana Singh,Male,31,Madurai,South,Personal Care,Shampoo,8,624,15,4243.2,2603.56,1639.64,Cash,4,4243.2,False,False,False,False,2025,3,Mar,Saturday,38.64
ORD1307,2025-03-23,C0307,Nisha Iyer,Female,59,Salem,South,Beverages,Juice Pack,6,164,5,934.8,732.03,202.77,Card,2,934.8,False,False,False,False,2025,3,Mar,Sunday,21.69
ORD1968,2025-03-23,C0968,Vijay Paul,Male,58,Coimbatore,South,Fruits,Orange 1Kg,6,233,0,1398.0,871.4,526.6,Cash,2,1398.0,False,False,False,False,2025,3,Mar,Sunday,37.67
ORD1228,2025-03-23,C0228,Meena Rao,Male,22,Coimbatore,South,Personal Care,Toothpaste,2,537,10,966.6,592.94,373.66,Card,5,966.6,False,False,False,False,2025,3,Mar,Sunday,38.66
ORD1468,2025-03-24,C0468,Sanjay Nair,Female,52,Bangalore,West,Grocery,Cooking Oil 1L,3,281,0,843.0,608.08,234.92,Cash,4,843.0,False,False,False,False,2025,3,Mar,Monday,27.87
ORD1807,2025-03-24,C0807,Hari Joseph,Male,48,Madurai,South,Household,Mop Set,2,586,5,1113.4,866.67,246.73,Card,2,1113.4,False,False,False,False,2025,3,Mar,Monday,22.16
ORD1086,2025-03-26,C0086,Suresh Patel,Male,51,Coimbatore,South,Household,Detergent,9,629,10,5094.9,4164.7,930.2,Card,1,5094.9,False,False,False,False,2025,3,Mar,Wednesday,18.26
ORD1825,2025-03-27,C0825,Kavya Paul,Female,50,Madurai,South,Fruits,Banana Dozen,6,432,15,2203.2,1414.33,788.87,Cash,4,2203.2,False,False,False,False,2025,3,Mar,Thursday,35.81
ORD1041,2025-03-28,C0041,Deepa Iyer,Male,50,Hyderabad,East,Fruits,Apple 1Kg,10,646,10,5814.0,4164.26,1649.74,Card,2,5814.0,False,False,False,False,2025,3,Mar,Friday,28.38
ORD1911,2025-03-28,C0911,Rahul Krishnan,Male,38,Pune,West,Beverages,Soft Drink,5,666,20,2664.0,1965.28,698.72,Card,2,2664.0,False,False,False,False,2025,3,Mar,Friday,26.23
ORD1069,2025-03-29,C0069,Harini Patel,Female,55,Delhi,North,Personal Care,Toothpaste,10,256,20,2048.0,1423.55,624.45,Card,3,2048.0,False,False,False,False,2025,3,Mar,Saturday,30.49
ORD1609,2025-03-30,C0609,Ajay Rao,Male,36,Hyderabad,East,Grocery,Sugar 5Kg,9,160,15,1224.0,840.49,383.51,UPI,1,1224.0,False,False,False,False,2025,3,Mar,Sunday,31.33
ORD1296,2025-03-30,C0296,Ravi Mohan,Male,23,Madurai,South,Beverages,Juice Pack,1,91,5,86.45,71.38,15.07,Card,1,86.45,False,False,False,False,2025,3,Mar,Sunday,17.43
ORD1545,2025-03-31,C0545,Nisha Menon,Male,37,Delhi,North,Household,Detergent,10,499,10,4491.0,3317.82,1173.18,Card,1,4491.0,False,False,False,False,2025,3,Mar,Monday,26.12
ORD1231,2025-03-31,C0231,Kavya Krishnan,Female,35,Bangalore,West,Personal Care,Soap Pack,2,118,0,236.0,197.23,38.77,UPI,2,236.0,False,False,False,False,2025,3,Mar,Monday,16.43
ORD1620,2025-04-01,C0620,Hari Reddy,Male,31,Bangalore,West,Vegetables,Potato 2Kg,1,316,10,284.4,195.62,88.78,Cash,4,284.4,False,False,False,False,2025,4,Apr,Tuesday,31.22
ORD1568,2025-04-01,C0568,Harini Yadav,Female,32,Chennai,South,Grocery,Rice 5Kg,7,125,20,700.0,438.18,261.82,Cash,3,700.0,False,False,False,False,2025,4,Apr,Tuesday,37.4
ORD1725,2025-04-01,C0725,Aakash Kannan,Male,52,Salem,South,Vegetables,Tomato 1Kg,9,650,5,5557.5,4307.47,1250.03,Cash,5,5557.5,False,False,False,False,2025,4,Apr,Tuesday,22.49
ORD1138,2025-04-04,C0138,Harini Raj,Male,52,Pune,West,Personal Care,Soap Pack,4,479,20,1532.8,1028.86,503.94,UPI,3,1532.8,False,False,False,False,2025,4,Apr,Friday,32.88
ORD1580,2025-04-05,C0580,Prakash Verma,Male,20,Hyderabad,East,Dairy,Cheese,2,578,10,1040.4,754.21,286.19,Card,1,1040.4,False,False,False,False,2025,4,Apr,Saturday,27.51
ORD1212,2025-04-05,C0212,Rahul Mohan,Female,23,Trichy,South,Snacks,Chips Pack,5,233,10,1048.5,798.62,249.88,Cash,2,1048.5,False,False,False,False,2025,4,Apr,Saturday,23.83
ORD1738,2025-04-05,C0738,Dinesh Joseph,Female,27,Delhi,North,Personal Care,Soap Pack,3,166,20,398.4,302.43,95.97,Cash,3,398.4,False,False,False,False,2025,4,Apr,Saturday,24.09
ORD1253,2025-04-06,C0253,Deepa Das,Male,40,Coimbatore,South,Snacks,Namkeen,8,320,5,2432.0,1572.96,859.04,UPI,4,2432.0,False,False,False,False,2025,4,Apr,Sunday,35.32
ORD1448,2025-04-06,C0448,Keerthana Rao,Female,28,Kochi,South,Personal Care,Soap Pack,6,790,20,3792.0,2769.05,1022.95,UPI,1,3792.0,False,False,False,False,2025,4,Apr,Sunday,26.98
ORD1956,2025-04-06,C0956,Sneha Paul,Male,58,Madurai,South,Household,Mop Set,7,294,20,1646.4,1285.13,361.27,Card,5,1646.4,False,False,False,False,2025,4,Apr,Sunday,21.94
ORD1397,2025-04-06,C0397,Sanjay Krishnan,Female,57,Salem,South,Dairy,Milk 1L,10,96,5,912.0,619.66,292.34,Cash,3,912.0,False,False,False,False,2025,4,Apr,Sunday,32.05
ORD1107,2025-04-07,C0107,Manoj Yadav,Male,57,Kochi,South,Beverages,Coffee Powder,8,395,20,2528.0,1892.0,636.0,UPI,5,2528.0,False,False,False,False,2025,4,Apr,Monday,25.16
ORD1674,2025-04-09,C0674,Rahul Babu,Male,21,Hyderabad,East,Beverages,Juice Pack,10,771,20,6168.0,4838.47,1329.53,Cash,2,6168.0,False,False,False,False,2025,4,Apr,Wednesday,21.56
ORD1760,2025-04-09,C0760,Rahul Menon,Male,45,Chennai,South,Dairy,Yogurt Pack,9,654,10,5297.4,4079.9,1217.5,Cash,1,5297.4,False,False,False,False,2025,4,Apr,Wednesday,22.98
ORD1601,2025-04-10,C0601,Ajay Yadav,Female,26,Kochi,South,Snacks,Namkeen,10,790,20,6320.0,3830.57,2489.43,Cash,4,6320.0,False,False,False,True,2025,4,Apr,Thursday,39.39
ORD1103,2025-04-10,C0103,Sanjay Rao,Male,60,Hyderabad,East,Vegetables,Tomato 1Kg,5,219,0,1095.0,916.79,178.21,UPI,5,1095.0,False,False,False,False,2025,4,Apr,Thursday,16.27
ORD1943,2025-04-10,C0943,Vijay Raj,Female,28,Coimbatore,South,Beverages,Coffee Powder,5,585,0,2925.0,2119.83,805.17,Card,2,2925.0,False,False,False,False,2025,4,Apr,Thursday,27.53
ORD1223,2025-04-15,C0223,Lakshmi Kumar,Male,62,Salem,South,Fruits,Banana Dozen,7,105,10,661.5,555.54,105.96,UPI,3,661.5,False,False,False,False,2025,4,Apr,Tuesday,16.02
ORD1335,2025-04-15,C0335,Sanjay Singh,Female,31,Salem,South,Fruits,Orange 1Kg,5,458,15,1946.5,1582.3,364.2,Card,3,1946.5,False,False,False,False,2025,4,Apr,Tuesday,18.71
ORD1654,2025-04-16,C0654,Suresh Joseph,Female,54,Bangalore,West,Fruits,Apple 1Kg,3,45,20,108.0,73.61,34.39,Cash,4,108.0,False,False,False,False,2025,4,Apr,Wednesday,31.84
ORD1437,2025-04-16,C0437,Keerthana Mohan,Female,62,Pune,West,Vegetables,Potato 2Kg,3,493,0,1479.0,1145.58,333.42,UPI,1,1479.0,False,False,False,False,2025,4,Apr,Wednesday,22.54
ORD1791,2025-04-17,C0791,Ajay Paul,Female,23,Trichy,South,Dairy,Cheese,9,626,20,4507.2,3558.01,949.19,Card,2,4507.2,False,False,False,False,2025,4,Apr,Thursday,21.06
ORD1091,2025-04-17,C0091,Sanjay Nair,Female,47,Pune,West,Personal Care,Toothpaste,4,534,20,1708.8,1086.42,622.38,Card,1,1708.8,False,False,False,False,2025,4,Apr,Thursday,36.42
ORD1940,2025-04-19,C0940,Aakash Iyer,Male,58,Delhi,North,Personal Care,Soap Pack,1,322,5,305.9,195.13,110.77,UPI,2,305.9,False,False,False,False,2025,4,Apr,Saturday,36.21
ORD1624,2025-04-19,C0624,Harini Patel,Male,19,Salem,South,Household,Detergent,10,336,15,2856.0,2112.93,743.07,UPI,2,2856.0,False,False,False,False,2025,4,Apr,Saturday,26.02
ORD1701,2025-04-20,C0701,Suresh Yadav,Female,40,Mumbai,West,Beverages,Coffee Powder,2,547,15,929.9,653.96,275.94,Card,5,929.9,False,False,False,False,2025,4,Apr,Sunday,29.67
ORD1045,2025-04-20,C0045,Lakshmi Singh,Female,46,Mumbai,West,Household,Detergent,4,149,15,506.6,320.85,185.75,Cash,5,506.6,False,False,False,False,2025,4,Apr,Sunday,36.67
ORD1749,2025-04-20,C0749,Priya Babu,Female,59,Mumbai,West,Snacks,Biscuits Pack,7,593,15,3528.35,2153.87,1374.48,UPI,1,3528.35,False,False,False,False,2025,4,Apr,Sunday,38.96
ORD1948,2025-04-21,C0948,Priya Singh,Male,23,Madurai,South,Household,Cleaner,6,502,15,2560.2,1947.34,612.86,UPI,1,2560.2,False,False,False,False,2025,4,Apr,Monday,23.94
ORD1097,2025-04-24,C0097,Dinesh Das,Male,27,Salem,South,Fruits,Apple 1Kg,8,327,10,2354.4,1886.01,468.39,UPI,4,2354.4,False,False,False,False,2025,4,Apr,Thursday,19.89
ORD1712,2025-04-25,C0712,Deepa Sharma,Female,46,Hyderabad,East,Vegetables,Potato 2Kg,1,190,10,171.0,133.65,37.35,UPI,5,171.0,False,False,False,False,2025,4,Apr,Friday,21.84
ORD1682,2025-04-25,C0682,Meena Raj,Male,38,Bangalore,West,Household,Detergent,10,725,15,6162.5,3829.59,2332.91,Cash,4,6162.5,False,False,False,True,2025,4,Apr,Friday,37.86
ORD1688,2025-04-26,C0688,Nisha Iyer,Female,28,Trichy,South,Household,Detergent,3,80,5,228.0,147.24,80.76,Cash,4,228.0,False,False,False,False,2025,4,Apr,Saturday,35.42
ORD1182,2025-04-27,C0182,Swathi Menon,Male,63,Hyderabad,East,Personal Care,Shampoo,4,445,20,1424.0,1130.29,293.71,UPI,5,1424.0,False,False,False,False,2025,4,Apr,Sunday,20.63
ORD1708,2025-04-27,C0708,Prakash Sharma,Male,46,Coimbatore,South,Grocery,Rice 5Kg,3,781,15,1991.55,1674.83,316.72,Cash,2,1991.55,False,False,False,False,2025,4,Apr,Sunday,15.9
ORD1556,2025-04-28,C0556,Deepa Joseph,Male,61,Mumbai,West,Fruits,Banana Dozen,2,560,20,896.0,557.41,338.59,Cash,5,896.0,False,False,False,False,2025,4,Apr,Monday,37.79
ORD1085,2025-04-29,C0085,Suresh Nair,Female,42,Hyderabad,East,Dairy,Yogurt Pack,4,445,0,1780.0,1209.59,570.41,Cash,2,1780.0,False,False,False,False,2025,4,Apr,Tuesday,32.05
ORD1054,2025-04-29,C0054,Karthik Iyer,Male,54,Trichy,South,Grocery,Wheat Flour 10Kg,1,661,5,627.95,414.22,213.73,UPI,4,627.95,False,False,False,False,2025,4,Apr,Tuesday,34.04
ORD1795,2025-05-01,C0795,Lakshmi Mohan,Male,39,Trichy,South,Personal Care,Soap Pack,7,90,20,504.0,351.09,152.91,Cash,4,504.0,False,False,False,False,2025,5,May,Thursday,30.34
ORD1587,2025-05-02,C0587,Swathi Sharma,Male,31,Madurai,South,Grocery,Wheat Flour 10Kg,10,315,15,2677.5,2070.71,606.79,UPI,3,2677.5,False,False,False,False,2025,5,May,Friday,22.66
ORD1432,2025-05-02,C0432,Manoj Kannan,Female,40,Hyderabad,East,Fruits,Apple 1Kg,6,102,20,489.6,407.76,81.84,UPI,5,489.6,False,False,False,False,2025,5,May,Friday,16.72
ORD1267,2025-05-03,C0267,Swathi Krishnan,Male,26,Pune,West,Dairy,Cheese,2,745,0,1490.0,894.4,595.6,Cash,2,1490.0,False,False,False,False,2025,5,May,Saturday,39.97
ORD1268,2025-05-04,C0268,Pooja Mohan,Male,32,Chennai,South,Household,Detergent,6,148,15,754.8,583.84,170.96,Card,1,754.8,False,False,False,False,2025,5,May,Sunday,22.65
ORD1605,2025-05-04,C0605,Meena Verma,Male,65,Coimbatore,South,Beverages,Tea Powder,6,269,20,1291.2,811.38,479.82,UPI,3,1291.2,False,False,False,False,2025,5,May,Sunday,37.16
ORD1541,2025-05-05,C0541,Dinesh Joseph,Female,28,Kochi,South,Vegetables,Potato 2Kg,1,91,15,77.35,48.59,28.76,Card,3,77.35,False,False,False,False,2025,5,May,Monday,37.18
ORD1599,2025-05-05,C0599,Harini Sharma,Male,46,Kochi,South,Grocery,Rice 5Kg,9,59,15,451.35,330.74,120.61,Card,2,451.35,False,False,False,False,2025,5,May,Monday,26.72
ORD1912,2025-05-05,C0912,Deepa Reddy,Male,49,Kochi,South,Personal Care,Shampoo,4,772,15,2624.8,1816.78,808.02,UPI,4,2624.8,False,False,False,False,2025,5,May,Monday,30.78
ORD1214,2025-05-05,C0214,Suresh Verma,Male,62,Trichy,South,Fruits,Apple 1Kg,4,784,0,3136.0,2467.15,668.85,Cash,2,3136.0,False,False,False,False,2025,5,May,Monday,21.33
ORD1354,2025-05-07,C0354,Rohit Kumar,Female,33,Chennai,South,Fruits,Apple 1Kg,9,533,5,4557.15,3518.35,1038.8,UPI,1,4557.15,False,False,False,False,2025,5,May,Wednesday,22.79
ORD1976,2025-05-08,C0976,Arun Krishnan,Male,23,Coimbatore,South,Grocery,Sugar 5Kg,4,110,5,418.0,278.76,139.24,Card,5,418.0,False,False,False,False,2025,5,May,Thursday,33.31
ORD1555,2025-05-08,C0555,Karthik Verma,Male,27,Chennai,South,Vegetables,Tomato 1Kg,10,519,10,4671.0,2934.75,1736.25,Cash,5,4671.0,False,False,False,True,2025,5,May,Thursday,37.17
ORD1846,2025-05-08,C0846,Meena Babu,Male,33,Mumbai,West,Fruits,Orange 1Kg,8,197,15,1339.6,1123.61,215.99,UPI,2,1339.6,False,False,False,False,2025,5,May,Thursday,16.12
ORD1416,2025-05-08,C0416,Aakash Mohan,Female,40,Chennai,South,Personal Care,Soap Pack,9,464,5,3967.2,3311.05,656.15,Cash,5,3967.2,False,False,False,False,2025,5,May,Thursday,16.54
ORD1543,2025-05-08,C0543,Ravi Gupta,Female,22,Hyderabad,East,Personal Care,Toothpaste,4,660,5,2508.0,1848.36,659.64,Card,2,2508.0,False,False,False,False,2025,5,May,Thursday,26.3
ORD1884,2025-05-09,C0884,Suresh Rao,Female,34,Bangalore,West,Vegetables,Tomato 1Kg,4,577,0,2308.0,1552.17,755.83,UPI,1,2308.0,False,False,False,False,2025,5,May,Friday,32.75
ORD1483,2025-05-09,C0483,Aakash Verma,Male,49,Delhi,North,Beverages,Soft Drink,4,776,0,3104.0,2423.9,680.1,Cash,5,3104.0,False,False,False,False,2025,5,May,Friday,21.91
ORD1420,2025-05-09,C0420,Deepa Kannan,Male,41,Hyderabad,East,Fruits,Orange 1Kg,4,448,20,1433.6,1141.07,292.53,Cash,5,1433.6,False,False,False,False,2025,5,May,Friday,20.41
ORD1857,2025-05-09,C0857,Dinesh Raj,Female,27,Kochi,South,Grocery,Sugar 5Kg,3,616,5,1755.6,1247.3,508.3,UPI,2,1755.6,False,False,False,False,2025,5,May,Friday,28.95
ORD1634,2025-05-10,C0634,Aakash Sharma,Female,20,Coimbatore,South,Snacks,Biscuits Pack,2,460,0,920.0,569.88,350.12,UPI,1,920.0,False,False,False,False,2025,5,May,Saturday,38.06
ORD1645,2025-05-11,C0645,Sanjay Patel,Female,27,Hyderabad,East,Fruits,Orange 1Kg,6,512,20,2457.6,2058.33,399.27,Card,1,2457.6,False,False,False,False,2025,5,May,Sunday,16.25
ORD1733,2025-05-11,C0733,Vijay Babu,Female,26,Kochi,South,Personal Care,Soap Pack,7,191,5,1270.15,922.7,347.45,Cash,5,1270.15,False,False,False,False,2025,5,May,Sunday,27.36
ORD1630,2025-05-11,C0630,Karthik Verma,Female,39,Chennai,South,Vegetables,Tomato 1Kg,3,555,10,1498.5,1038.84,459.66,UPI,1,1498.5,False,False,False,False,2025,5,May,Sunday,30.67
ORD1978,2025-05-14,C0978,Rahul Mohan,Female,46,Delhi,North,Personal Care,Shampoo,10,344,5,3268.0,2609.58,658.42,Card,5,3268.0,False,False,False,False,2025,5,May,Wednesday,20.15
ORD1885,2025-05-14,C0885,Vignesh Krishnan,Male,40,Salem,South,Personal Care,Shampoo,9,61,15,466.65,384.11,82.54,UPI,5,466.65,False,False,False,False,2025,5,May,Wednesday,17.69
ORD1262,2025-05-14,C0262,Ajay Kumar,Female,55,Mumbai,West,Beverages,Soft Drink,5,736,10,3312.0,2363.69,948.31,UPI,1,3312.0,False,False,False,False,2025,5,May,Wednesday,28.63
ORD1088,2025-05-14,C0088,Vignesh Yadav,Male,57,Pune,West,Beverages,Juice Pack,9,414,10,3353.4,2537.52,815.88,UPI,2,3353.4,False,False,False,False,2025,5,May,Wednesday,24.33
ORD1597,2025-05-15,C0597,Rahul Paul,Male,55,Mumbai,West,Snacks,Namkeen,4,113,15,384.2,312.83,71.37,Card,4,384.2,False,False,False,False,2025,5,May,Thursday,18.58
ORD1650,2025-05-17,C0650,Aarthi Raj,Female,48,Salem,South,Personal Care,Shampoo,7,524,0,3668.0,2722.44,945.56,Cash,2,3668.0,False,False,False,False,2025,5,May,Saturday,25.78
ORD1254,2025-05-18,C0254,Vignesh Singh,Female,63,Hyderabad,East,Snacks,Biscuits Pack,9,542,15,4146.3,2911.88,1234.42,Card,4,4146.3,False,False,False,False,2025,5,May,Sunday,29.77
ORD1625,2025-05-18,C0625,Harini Kannan,Male,19,Pune,West,Fruits,Banana Dozen,8,152,10,1094.4,770.77,323.63,UPI,3,1094.4,False,False,False,False,2025,5,May,Sunday,29.57
ORD1685,2025-05-19,C0685,Vignesh Das,Female,47,Chennai,South,Snacks,Namkeen,10,208,10,1872.0,1202.7,669.3,UPI,1,1872.0,False,False,False,False,2025,5,May,Monday,35.75
ORD1161,2025-05-20,C0161,Kavya Joseph,Male,41,Trichy,South,Vegetables,Onion 1Kg,2,230,5,437.0,288.06,148.94,Cash,5,437.0,False,False,False,False,2025,5,May,Tuesday,34.08
ORD1758,2025-05-20,C0758,Rahul Sharma,Male,53,Trichy,South,Dairy,Milk 1L,7,138,10,869.4,645.33,224.07,UPI,5,869.4,False,False,False,False,2025,5,May,Tuesday,25.77
ORD1460,2025-05-20,C0460,Pooja Rao,Male,39,Kochi,South,Snacks,Namkeen,1,263,0,263.0,167.71,95.29,Card,3,263.0,False,False,False,False,2025,5,May,Tuesday,36.23
ORD1286,2025-05-20,C0286,Lakshmi Reddy,Male,64,Salem,South,Fruits,Orange 1Kg,10,273,15,2320.5,1605.94,714.56,Cash,2,2320.5,False,False,False,False,2025,5,May,Tuesday,30.79
ORD1757,2025-05-20,C0757,Aarthi Menon,Female,20,Delhi,North,Dairy,Milk 1L,5,760,5,3610.0,2377.42,1232.58,Card,4,3610.0,False,False,False,False,2025,5,May,Tuesday,34.14
ORD1235,2025-05-22,C0235,Sneha Patel,Male,47,Madurai,South,Fruits,Banana Dozen,6,282,5,1607.4,1254.13,353.27,UPI,2,1607.4,False,False,False,False,2025,5,May,Thursday,21.98
ORD1077,2025-05-22,C0077,Sneha Patel,Female,60,Bangalore,West,Personal Care,Soap Pack,2,189,10,340.2,239.13,101.07,Card,5,340.2,False,False,False,False,2025,5,May,Thursday,29.71
ORD1094,2025-05-23,C0094,Ravi Mohan,Female,32,Salem,South,Grocery,Cooking Oil 1L,1,604,0,604.0,499.9,104.1,Cash,3,604.0,False,False,False,False,2025,5,May,Friday,17.24
ORD1152,2025-05-24,C0152,Vignesh Kumar,Female,51,Kochi,South,Personal Care,Soap Pack,7,372,5,2473.8,1791.16,682.64,Card,1,2473.8,False,False,False,False,2025,5,May,Saturday,27.59
ORD1786,2025-05-24,C0786,Priya Verma,Female,35,Kochi,South,Vegetables,Potato 2Kg,8,467,15,3175.6,2197.13,978.47,Card,1,3175.6,False,False,False,False,2025,5,May,Saturday,30.81
ORD1719,2025-05-25,C0719,Vignesh Krishnan,Male,27,Coimbatore,South,Dairy,Cheese,5,750,15,3187.5,2519.69,667.81,Cash,3,3187.5,False,False,False,False,2025,5,May,Sunday,20.95
ORD1984,2025-05-25,C0984,Suresh Rao,Male,35,Bangalore,West,Personal Care,Soap Pack,4,226,0,904.0,723.82,180.18,Card,1,904.0,False,False,False,False,2025,5,May,Sunday,19.93
ORD1008,2025-05-26,C0008,Arun Sharma,Female,59,Madurai,South,Personal Care,Soap Pack,4,605,10,2178.0,1422.58,755.42,Card,2,2178.0,False,False,False,False,2025,5,May,Monday,34.68
ORD1588,2025-05-26,C0588,Nisha Patel,Male,58,Trichy,South,Household,Mop Set,3,650,0,1950.0,1460.68,489.32,Card,3,1950.0,False,False,False,False,2025,5,May,Monday,25.09
ORD1833,2025-05-27,C0833,Sanjay Gupta,Female,55,Hyderabad,East,Beverages,Tea Powder,3,462,10,1247.4,964.19,283.21,Card,4,1247.4,False,False,False,False,2025,5,May,Tuesday,22.7
ORD1176,2025-05-27,C0176,Karthik Singh,Male,20,Bangalore,West,Vegetables,Onion 1Kg,3,228,20,547.2,397.97,149.23,UPI,2,547.2,False,False,False,False,2025,5,May,Tuesday,27.27
ORD1941,2025-05-28,C0941,Ajay Paul,Female,46,Pune,West,Dairy,Yogurt Pack,3,760,5,2166.0,1837.54,328.46,UPI,3,2166.0,False,False,False,False,2025,5,May,Wednesday,15.16
ORD1284,2025-05-29,C0284,Ajay Babu,Male,29,Bangalore,West,Personal Care,Toothpaste,5,104,20,416.0,288.37,127.63,UPI,5,416.0,False,False,False,False,2025,5,May,Thursday,30.68
ORD1939,2025-05-30,C0939,Prakash Menon,Male,50,Hyderabad,East,Dairy,Cheese,6,157,0,942.0,643.23,298.77,UPI,1,942.0,False,False,False,False,2025,5,May,Friday,31.72
ORD1804,2025-05-31,C0804,Dinesh Singh,Female,44,Mumbai,West,Household,Mop Set,2,402,0,804.0,634.23,169.77,Card,2,804.0,False,False,False,False,2025,5,May,Saturday,21.12
ORD1684,2025-05-31,C0684,Pooja Verma,Female,37,Delhi,North,Household,Mop Set,10,751,0,7510.0,4516.07,2993.93,Card,3,7510.0,False,False,True,True,2025,5,May,Saturday,39.87
ORD1638,2025-05-31,C0638,Aakash Verma,Female,41,Mumbai,West,Fruits,Apple 1Kg,1,767,0,767.0,637.42,129.58,Cash,5,767.0,False,False,False,False,2025,5,May,Saturday,16.89
ORD1746,2025-05-31,C0746,Harini Krishnan,Female,25,Trichy,South,Grocery,Wheat Flour 10Kg,10,625,5,5937.5,4294.27,1643.23,Card,1,5937.5,False,False,False,False,2025,5,May,Saturday,27.68
ORD1383,2025-06-01,C0383,Manoj Sharma,Male,44,Bangalore,West,Vegetables,Tomato 1Kg,9,250,5,2137.5,1560.7,576.8,Cash,5,2137.5,False,False,False,False,2025,6,Jun,Sunday,26.98
ORD1220,2025-06-01,C0220,Aakash Gupta,Female,41,Coimbatore,South,Grocery,Cooking Oil 1L,4,94,5,357.2,215.14,142.06,UPI,5,357.2,False,False,False,False,2025,6,Jun,Sunday,39.77
ORD1027,2025-06-02,C0027,Lakshmi Patel,Female,26,Delhi,North,Grocery,Cooking Oil 1L,10,127,0,1270.0,932.7,337.3,Card,1,1270.0,False,False,False,False,2025,6,Jun,Monday,26.56
ORD1428,2025-06-02,C0428,Vignesh Menon,Male,53,Hyderabad,East,Dairy,Cheese,10,29,10,261.0,168.02,92.98,UPI,5,261.0,False,False,False,False,2025,6,Jun,Monday,35.62
ORD1905,2025-06-05,C0905,Pooja Mohan,Female,53,Mumbai,West,Household,Cleaner,9,101,5,863.55,612.63,250.92,Card,4,863.55,False,False,False,False,2025,6,Jun,Thursday,29.06
ORD1282,2025-06-05,C0282,Suresh Das,Male,20,Madurai,South,Snacks,Chips Pack,10,715,0,7150.0,4698.27,2451.73,UPI,2,7150.0,False,False,True,True,2025,6,Jun,Thursday,34.29
ORD1548,2025-06-06,C0548,Meena Raj,Female,26,Bangalore,West,Personal Care,Toothpaste,2,621,0,1242.0,935.07,306.93,Card,1,1242.0,False,False,False,False,2025,6,Jun,Friday,24.71
ORD1868,2025-06-06,C0868,Swathi Patel,Male,62,Kochi,South,Snacks,Namkeen,6,560,10,3024.0,2272.67,751.33,UPI,1,3024.0,False,False,False,False,2025,6,Jun,Friday,24.85
ORD1410,2025-06-08,C0410,Aarthi Patel,Male,54,Coimbatore,South,Dairy,Milk 1L,10,631,5,5994.5,3798.6,2195.9,UPI,1,5994.5,False,False,False,True,2025,6,Jun,Sunday,36.63
ORD1557,2025-06-08,C0557,Ajay Mohan,Female,54,Chennai,South,Fruits,Orange 1Kg,6,572,0,3432.0,2461.49,970.51,Cash,3,3432.0,False,False,False,False,2025,6,Jun,Sunday,28.28
ORD1790,2025-06-08,C0790,Karthik Sharma,Male,43,Hyderabad,East,Vegetables,Potato 2Kg,10,800,0,8000.0,5744.01,2255.99,UPI,2,8000.0,False,False,True,True,2025,6,Jun,Sunday,28.2
ORD1996,2025-06-09,C0996,Prakash Paul,Male,43,Trichy,South,Beverages,Tea Powder,6,419,15,2136.9,1745.77,391.13,UPI,1,2136.9,False,False,False,False,2025,6,Jun,Monday,18.3
ORD1859,2025-06-11,C0859,Sanjay Paul,Female,55,Bangalore,West,Grocery,Rice 5Kg,8,208,0,1664.0,1047.22,616.78,Card,2,1664.0,False,False,False,False,2025,6,Jun,Wednesday,37.07
ORD1431,2025-06-12,C0431,Vignesh Sharma,Male,62,Trichy,South,Personal Care,Toothpaste,4,348,15,1183.2,992.54,190.66,Card,2,1183.2,False,False,False,False,2025,6,Jun,Thursday,16.11
ORD1722,2025-06-12,C0722,Ravi Rao,Female,19,Hyderabad,East,Dairy,Milk 1L,7,444,15,2641.8,2213.72,428.08,Card,2,2641.8,False,False,False,False,2025,6,Jun,Thursday,16.2
ORD1386,2025-06-13,C0386,Priya Krishnan,Female,50,Hyderabad,East,Personal Care,Shampoo,5,578,10,2601.0,1576.66,1024.34,Cash,4,2601.0,False,False,False,False,2025,6,Jun,Friday,39.38
ORD1867,2025-06-15,C0867,Divya Krishnan,Female,60,Chennai,South,Personal Care,Toothpaste,4,332,0,1328.0,1110.94,217.06,Cash,4,1328.0,False,False,False,False,2025,6,Jun,Sunday,16.34
ORD1058,2025-06-18,C0058,Hari Kannan,Female,57,Bangalore,West,Beverages,Soft Drink,8,749,5,5692.4,4035.18,1657.22,Cash,4,5692.4,False,False,False,False,2025,6,Jun,Wednesday,29.11
ORD1700,2025-06-19,C0700,Dinesh Krishnan,Female,36,Salem,South,Beverages,Soft Drink,3,155,10,418.5,339.15,79.35,Cash,1,418.5,False,False,False,False,2025,6,Jun,Thursday,18.96
ORD1472,2025-06-19,C0472,Sanjay Yadav,Male,20,Salem,South,Snacks,Namkeen,6,444,10,2397.6,1504.77,892.83,UPI,2,2397.6,False,False,False,False,2025,6,Jun,Thursday,37.24
ORD1489,2025-06-20,C0489,Manoj Verma,Male,33,Pune,West,Household,Mop Set,10,225,20,1800.0,1357.2,442.8,UPI,3,1800.0,False,False,False,False,2025,6,Jun,Friday,24.6
ORD1532,2025-06-20,C0532,Ravi Menon,Female,38,Mumbai,West,Grocery,Cooking Oil 1L,3,219,10,591.3,491.32,99.98,UPI,1,591.3,False,False,False,False,2025,6,Jun,Friday,16.91
ORD1485,2025-06-20,C0485,Meena Das,Male,38,Pune,West,Dairy,Yogurt Pack,10,36,15,306.0,187.74,118.26,Cash,5,306.0,False,False,False,False,2025,6,Jun,Friday,38.65
ORD1222,2025-06-20,C0222,Lakshmi Joseph,Male,33,Mumbai,West,Fruits,Apple 1Kg,7,208,0,1456.0,1207.77,248.23,UPI,5,1456.0,False,False,False,False,2025,6,Jun,Friday,17.05
ORD1699,2025-06-21,C0699,Vijay Rao,Male,36,Trichy,South,Household,Cleaner,3,532,20,1276.8,967.04,309.76,Card,4,1276.8,False,False,False,False,2025,6,Jun,Saturday,24.26
ORD1631,2025-06-22,C0631,Aarthi Gupta,Male,44,Mumbai,West,Dairy,Milk 1L,4,217,20,694.4,523.13,171.27,Card,1,694.4,False,False,False,False,2025,6,Jun,Sunday,24.66
ORD1306,2025-06-22,C0306,Sneha Das,Female,22,Chennai,South,Vegetables,Tomato 1Kg,3,625,5,1781.25,1413.59,367.66,Card,4,1781.25,False,False,False,False,2025,6,Jun,Sunday,20.64
ORD1986,2025-06-24,C0986,Priya Mohan,Male,39,Salem,South,Grocery,Cooking Oil 1L,3,437,0,1311.0,1080.21,230.79,Cash,1,1311.0,False,False,False,False,2025,6,Jun,Tuesday,17.6
ORD1921,2025-06-27,C0921,Prakash Menon,Female,56,Madurai,South,Beverages,Juice Pack,1,644,5,611.8,394.32,217.48,UPI,4,611.8,False,False,False,False,2025,6,Jun,Friday,35.55
ORD1741,2025-06-28,C0741,Ravi Joseph,Male,19,Kochi,South,Grocery,Wheat Flour 10Kg,9,44,0,396.0,302.77,93.23,Card,2,396.0,False,False,False,False,2025,6,Jun,Saturday,23.54
ORD1178,2025-06-29,C0178,Dinesh Menon,Female,63,Salem,South,Personal Care,Toothpaste,10,369,20,2952.0,2382.48,569.52,Cash,3,2952.0,False,False,False,False,2025,6,Jun,Sunday,19.29
ORD1419,2025-07-02,C0419,Divya Joseph,Female,54,Madurai,South,Personal Care,Soap Pack,3,461,20,1106.4,733.99,372.41,Card,5,1106.4,False,False,False,False,2025,7,Jul,Wednesday,33.66
ORD1780,2025-07-02,C0780,Divya Kannan,Female,27,Trichy,South,Personal Care,Toothpaste,1,655,20,524.0,339.17,184.83,Card,2,524.0,False,False,False,False,2025,7,Jul,Wednesday,35.27
ORD1011,2025-07-03,C0011,Arun Rao,Female,59,Salem,South,Household,Cleaner,9,36,0,324.0,249.62,74.38,Card,1,324.0,False,False,False,False,2025,7,Jul,Thursday,22.96
ORD1863,2025-07-04,C0863,Keerthana Paul,Male,43,Coimbatore,South,Fruits,Orange 1Kg,2,358,0,716.0,557.36,158.64,Cash,1,716.0,False,False,False,False,2025,7,Jul,Friday,22.16
ORD1803,2025-07-04,C0803,Swathi Kannan,Female,60,Chennai,South,Beverages,Soft Drink,4,186,10,669.6,549.5,120.1,UPI,2,669.6,False,False,False,False,2025,7,Jul,Friday,17.94
ORD1726,2025-07-04,C0726,Shalini Das,Female,42,Bangalore,West,Household,Cleaner,7,227,10,1430.1,888.19,541.91,Cash,2,1430.1,False,False,False,False,2025,7,Jul,Friday,37.89
ORD1038,2025-07-05,C0038,Hari Gupta,Male,41,Trichy,South,Personal Care,Toothpaste,5,70,15,297.5,178.63,118.87,Card,1,297.5,False,False,False,False,2025,7,Jul,Saturday,39.96
ORD1471,2025-07-05,C0471,Manoj Menon,Female,30,Trichy,South,Vegetables,Onion 1Kg,6,763,0,4578.0,3500.21,1077.79,Cash,4,4578.0,False,False,False,False,2025,7,Jul,Saturday,23.54
ORD1415,2025-07-06,C0415,Karthik Yadav,Male,61,Madurai,South,Grocery,Rice 5Kg,8,700,5,5320.0,4391.64,928.36,Cash,4,5320.0,False,False,False,False,2025,7,Jul,Sunday,17.45
ORD1401,2025-07-06,C0401,Kavya Patel,Female,59,Delhi,North,Grocery,Cooking Oil 1L,4,62,20,198.4,131.97,66.43,UPI,3,198.4,False,False,False,False,2025,7,Jul,Sunday,33.48
ORD1047,2025-07-07,C0047,Hari Gupta,Male,26,Madurai,South,Fruits,Banana Dozen,5,265,10,1192.5,815.62,376.88,UPI,2,1192.5,False,False,False,False,2025,7,Jul,Monday,31.6
ORD1105,2025-07-07,C0105,Vijay Verma,Female,29,Delhi,North,Vegetables,Tomato 1Kg,1,308,5,292.6,247.8,44.8,UPI,1,292.6,False,False,False,False,2025,7,Jul,Monday,15.31
ORD1377,2025-07-08,C0377,Anitha Raj,Male,40,Salem,South,Fruits,Orange 1Kg,3,88,10,237.6,154.68,82.92,Card,1,237.6,False,False,False,False,2025,7,Jul,Tuesday,34.9
ORD1048,2025-07-09,C0048,Shalini Rao,Female,44,Coimbatore,South,Personal Care,Toothpaste,4,90,15,306.0,214.78,91.22,UPI,2,306.0,False,False,False,False,2025,7,Jul,Wednesday,29.81
ORD1023,2025-07-09,C0023,Deepa Krishnan,Male,65,Trichy,South,Household,Detergent,5,247,0,1235.0,919.82,315.18,Card,1,1235.0,False,False,False,False,2025,7,Jul,Wednesday,25.52
ORD1256,2025-07-10,C0256,Sneha Iyer,Female,52,Mumbai,West,Household,Cleaner,2,611,0,1222.0,815.04,406.96,UPI,4,1222.0,False,False,False,False,2025,7,Jul,Thursday,33.3
ORD1084,2025-07-10,C0084,Pooja Gupta,Female,47,Mumbai,West,Snacks,Chips Pack,8,378,10,2721.6,2008.48,713.12,Card,2,2721.6,False,False,False,False,2025,7,Jul,Thursday,26.2
ORD1789,2025-07-10,C0789,Keerthana Kannan,Female,18,Pune,West,Fruits,Banana Dozen,5,220,20,880.0,747.56,132.44,Card,3,880.0,False,False,False,False,2025,7,Jul,Thursday,15.05
ORD1072,2025-07-11,C0072,Ravi Sharma,Male,59,Pune,West,Dairy,Cheese,10,702,5,6669.0,4710.21,1958.79,UPI,3,6669.0,False,False,True,True,2025,7,Jul,Friday,29.37
ORD1788,2025-07-13,C0788,Swathi Patel,Male,39,Trichy,South,Beverages,Juice Pack,2,146,0,292.0,201.5,90.5,UPI,3,292.0,False,False,False,False,2025,7,Jul,Sunday,30.99
ORD1615,2025-07-13,C0615,Meena Babu,Female,59,Kochi,South,Household,Detergent,6,184,0,1104.0,930.16,173.84,Cash,3,1104.0,False,False,False,False,2025,7,Jul,Sunday,15.75
ORD1855,2025-07-15,C0855,Sanjay Menon,Female,39,Kochi,South,Grocery,Wheat Flour 10Kg,7,331,5,2201.15,1866.06,335.09,Card,4,2201.15,False,False,False,False,2025,7,Jul,Tuesday,15.22
ORD1928,2025-07-18,C0928,Meena Raj,Female,33,Bangalore,West,Beverages,Coffee Powder,6,167,10,901.8,644.87,256.93,UPI,2,901.8,False,False,False,False,2025,7,Jul,Friday,28.49
ORD1875,2025-07-18,C0875,Rahul Das,Female,56,Mumbai,West,Household,Detergent,6,742,20,3561.6,2907.51,654.09,UPI,1,3561.6,False,False,False,False,2025,7,Jul,Friday,18.37
ORD1165,2025-07-18,C0165,Kavya Iyer,Female,26,Salem,South,Vegetables,Onion 1Kg,2,281,5,533.9,405.1,128.8,Cash,3,533.9,False,False,False,False,2025,7,Jul,Friday,24.12
ORD1229,2025-07-20,C0229,Vijay Joseph,Female,45,Chennai,South,Personal Care,Soap Pack,5,486,15,2065.5,1357.1,708.4,UPI,5,2065.5,False,False,False,False,2025,7,Jul,Sunday,34.3
ORD1066,2025-07-20,C0066,Nisha Reddy,Female,62,Mumbai,West,Fruits,Apple 1Kg,3,305,0,915.0,771.87,143.13,UPI,4,915.0,False,False,False,False,2025,7,Jul,Sunday,15.64
ORD1285,2025-07-20,C0285,Rohit Das,Female,18,Madurai,South,Grocery,Cooking Oil 1L,8,314,10,2260.8,1541.47,719.33,Card,2,2260.8,False,False,False,False,2025,7,Jul,Sunday,31.82
ORD1104,2025-07-21,C0104,Sanjay Reddy,Male,55,Bangalore,West,Grocery,Rice 5Kg,4,153,20,489.6,318.88,170.72,UPI,2,489.6,False,False,False,False,2025,7,Jul,Monday,34.87
ORD1114,2025-07-23,C0114,Prakash Yadav,Female,25,Coimbatore,South,Beverages,Tea Powder,8,254,0,2032.0,1397.06,634.94,Card,5,2032.0,False,False,False,False,2025,7,Jul,Wednesday,31.25
ORD1732,2025-07-26,C0732,Nisha Rao,Female,34,Kochi,South,Household,Detergent,2,403,20,644.8,451.8,193.0,Cash,4,644.8,False,False,False,False,2025,7,Jul,Saturday,29.93
ORD1689,2025-07-28,C0689,Ravi Gupta,Female,47,Kochi,South,Personal Care,Shampoo,1,477,10,429.3,363.7,65.6,Card,1,429.3,False,False,False,False,2025,7,Jul,Monday,15.28
ORD1366,2025-07-29,C0366,Hari Mohan,Male,59,Madurai,South,Grocery,Rice 5Kg,10,658,10,5922.0,4871.01,1050.99,Cash,4,5922.0,False,False,False,False,2025,7,Jul,Tuesday,17.75
ORD1068,2025-07-30,C0068,Karthik Raj,Female,23,Kochi,South,Beverages,Soft Drink,2,615,0,1230.0,784.66,445.34,UPI,1,1230.0,False,False,False,False,2025,7,Jul,Wednesday,36.21
ORD1479,2025-07-30,C0479,Vijay Gupta,Male,42,Hyderabad,East,Vegetables,Potato 2Kg,7,768,10,4838.4,3638.98,1199.42,Cash,3,4838.4,False,False,False,False,2025,7,Jul,Wednesday,24.79
ORD1238,2025-07-31,C0238,Ravi Reddy,Male,55,Hyderabad,East,Dairy,Cheese,5,427,10,1921.5,1207.61,713.89,Cash,2,1921.5,False,False,False,False,2025,7,Jul,Thursday,37.15
ORD1226,2025-07-31,C0226,Lakshmi Raj,Male,29,Chennai,South,Household,Mop Set,2,725,10,1305.0,1076.4,228.6,Card,1,1305.0,False,False,False,False,2025,7,Jul,Thursday,17.52
ORD1502,2025-08-01,C0502,Hari Kannan,Male,38,Mumbai,West,Snacks,Chips Pack,3,465,5,1325.25,1012.57,312.68,UPI,5,1325.25,False,False,False,False,2025,8,Aug,Friday,23.59
ORD1514,2025-08-02,C0514,Karthik Nair,Male,28,Mumbai,West,Snacks,Chips Pack,7,69,5,458.85,379.96,78.89,UPI,2,458.85,False,False,False,False,2025,8,Aug,Saturday,17.19
ORD1904,2025-08-02,C0904,Hari Das,Male,62,Delhi,North,Grocery,Wheat Flour 10Kg,5,738,5,3505.5,2357.15,1148.35,UPI,4,3505.5,False,False,False,False,2025,8,Aug,Saturday,32.76
ORD1156,2025-08-03,C0156,Rahul Babu,Male,56,Coimbatore,South,Household,Detergent,2,266,10,478.8,330.63,148.17,UPI,4,478.8,False,False,False,False,2025,8,Aug,Sunday,30.95
ORD1979,2025-08-03,C0979,Sanjay Verma,Female,41,Delhi,North,Fruits,Banana Dozen,2,646,15,1098.2,776.79,321.41,Cash,1,1098.2,False,False,False,False,2025,8,Aug,Sunday,29.27
ORD1982,2025-08-04,C0982,Karthik Das,Female,32,Bangalore,West,Beverages,Coffee Powder,1,759,10,683.1,446.37,236.73,Cash,1,683.1,False,False,False,False,2025,8,Aug,Monday,34.66
ORD1073,2025-08-05,C0073,Hari Babu,Female,46,Chennai,South,Snacks,Biscuits Pack,3,339,20,813.6,640.5,173.1,UPI,4,813.6,False,False,False,False,2025,8,Aug,Tuesday,21.28
ORD1815,2025-08-05,C0815,Karthik Joseph,Male,34,Delhi,North,Personal Care,Soap Pack,8,129,20,825.6,658.68,166.92,UPI,5,825.6,False,False,False,False,2025,8,Aug,Tuesday,20.22
ORD1759,2025-08-06,C0759,Vignesh Rao,Male,51,Delhi,North,Snacks,Biscuits Pack,3,788,0,2364.0,1493.71,870.29,Cash,3,2364.0,False,False,False,False,2025,8,Aug,Wednesday,36.81
ORD1018,2025-08-07,C0018,Ajay Gupta,Female,33,Kochi,South,Fruits,Orange 1Kg,4,577,5,2192.6,1712.07,480.53,Card,4,2192.6,False,False,False,False,2025,8,Aug,Thursday,21.92
ORD1784,2025-08-08,C0784,Kavya Kannan,Male,41,Hyderabad,East,Household,Detergent,4,338,15,1149.2,944.85,204.35,Card,5,1149.2,False,False,False,False,2025,8,Aug,Friday,17.78
ORD1845,2025-08-08,C0845,Anitha Reddy,Male,26,Delhi,North,Personal Care,Soap Pack,4,754,5,2865.2,2342.2,523.0,Card,1,2865.2,False,False,False,False,2025,8,Aug,Friday,18.25
ORD1965,2025-08-08,C0965,Meena Reddy,Female,33,Mumbai,West,Snacks,Chips Pack,10,350,10,3150.0,2024.2,1125.8,Cash,4,3150.0,False,False,False,False,2025,8,Aug,Friday,35.74
ORD1093,2025-08-08,C0093,Shalini Kumar,Female,54,Trichy,South,Household,Mop Set,7,519,0,3633.0,2395.24,1237.76,Card,3,3633.0,False,False,False,False,2025,8,Aug,Friday,34.07
ORD1316,2025-08-08,C0316,Nisha Reddy,Female,27,Salem,South,Fruits,Orange 1Kg,5,268,0,1340.0,820.63,519.37,UPI,3,1340.0,False,False,False,False,2025,8,Aug,Friday,38.76
ORD1130,2025-08-08,C0130,Vijay Menon,Male,38,Delhi,North,Personal Care,Soap Pack,9,781,0,7029.0,5007.69,2021.31,Cash,4,7029.0,False,False,True,True,2025,8,Aug,Friday,28.76
ORD1737,2025-08-09,C0737,Pooja Reddy,Female,54,Mumbai,West,Grocery,Rice 5Kg,6,94,0,564.0,397.28,166.72,Card,3,564.0,False,False,False,False,2025,8,Aug,Saturday,29.56
ORD1252,2025-08-11,C0252,Vignesh Kannan,Female,45,Coimbatore,South,Snacks,Chips Pack,9,422,15,3228.3,2418.34,809.96,UPI,4,3228.3,False,False,False,False,2025,8,Aug,Monday,25.09
ORD1429,2025-08-11,C0429,Manoj Mohan,Female,62,Madurai,South,Fruits,Banana Dozen,9,288,20,2073.6,1665.7,407.9,Card,4,2073.6,False,False,False,False,2025,8,Aug,Monday,19.67
ORD1435,2025-08-11,C0435,Sneha Babu,Female,49,Bangalore,West,Grocery,Cooking Oil 1L,10,347,15,2949.5,2431.95,517.55,UPI,5,2949.5,False,False,False,False,2025,8,Aug,Monday,17.55
ORD1848,2025-08-12,C0848,Pooja Kumar,Male,59,Mumbai,West,Beverages,Tea Powder,8,117,10,842.4,689.07,153.33,Card,4,842.4,False,False,False,False,2025,8,Aug,Tuesday,18.2
ORD1985,2025-08-13,C0985,Vignesh Yadav,Male,36,Coimbatore,South,Beverages,Soft Drink,10,359,20,2872.0,1998.09,873.91,UPI,5,2872.0,False,False,False,False,2025,8,Aug,Wednesday,30.43
ORD1477,2025-08-13,C0477,Kavya Kumar,Female,61,Mumbai,West,Snacks,Namkeen,7,789,0,5523.0,4371.85,1151.15,Card,4,5523.0,False,False,False,False,2025,8,Aug,Wednesday,20.84
ORD1637,2025-08-15,C0637,Hari Mohan,Male,51,Delhi,North,Snacks,Namkeen,4,542,20,1734.4,1070.27,664.13,UPI,2,1734.4,False,False,False,False,2025,8,Aug,Friday,38.29
ORD1396,2025-08-17,C0396,Prakash Gupta,Female,39,Pune,West,Beverages,Juice Pack,2,281,0,562.0,364.94,197.06,Card,2,562.0,False,False,False,False,2025,8,Aug,Sunday,35.06
ORD1179,2025-08-20,C0179,Nisha Menon,Female,64,Bangalore,West,Household,Detergent,6,714,0,4284.0,3619.87,664.13,Cash,1,4284.0,False,False,False,False,2025,8,Aug,Wednesday,15.5
ORD1785,2025-08-20,C0785,Aakash Kumar,Male,47,Madurai,South,Beverages,Tea Powder,5,480,20,1920.0,1320.76,599.24,Cash,5,1920.0,False,False,False,False,2025,8,Aug,Wednesday,31.21
ORD1991,2025-08-20,C0991,Vignesh Paul,Female,25,Delhi,North,Fruits,Banana Dozen,7,301,5,2001.65,1663.8,337.85,UPI,3,2001.65,False,False,False,False,2025,8,Aug,Wednesday,16.88
ORD1783,2025-08-20,C0783,Pooja Yadav,Male,31,Kochi,South,Household,Cleaner,8,299,20,1913.6,1339.97,573.63,UPI,2,1913.6,False,False,False,False,2025,8,Aug,Wednesday,29.98
ORD1180,2025-08-20,C0180,Ravi Raj,Female,28,Pune,West,Household,Mop Set,10,616,5,5852.0,4566.61,1285.39,Cash,5,5852.0,False,False,False,False,2025,8,Aug,Wednesday,21.96
ORD1291,2025-08-21,C0291,Kavya Babu,Male,27,Salem,South,Vegetables,Potato 2Kg,4,101,5,383.8,243.34,140.46,UPI,2,383.8,False,False,False,False,2025,8,Aug,Thursday,36.6
ORD1864,2025-08-21,C0864,Prakash Joseph,Male,31,Mumbai,West,Personal Care,Toothpaste,9,525,0,4725.0,3447.95,1277.05,Cash,1,4725.0,False,False,False,False,2025,8,Aug,Thursday,27.03
ORD1838,2025-08-22,C0838,Ravi Rao,Male,48,Hyderabad,East,Fruits,Apple 1Kg,2,308,0,616.0,422.29,193.71,Card,1,616.0,False,False,False,False,2025,8,Aug,Friday,31.45
ORD1511,2025-08-22,C0511,Manoj Sharma,Male,43,Kochi,South,Grocery,Wheat Flour 10Kg,8,117,20,748.8,470.47,278.33,Card,3,748.8,False,False,False,False,2025,8,Aug,Friday,37.17
ORD1901,2025-08-23,C0901,Nisha Joseph,Male,30,Madurai,South,Personal Care,Shampoo,3,669,20,1605.6,1011.67,593.93,Cash,4,1605.6,False,False,False,False,2025,8,Aug,Saturday,36.99
ORD1250,2025-08-24,C0250,Harini Verma,Male,40,Pune,West,Household,Cleaner,6,636,15,3243.6,2441.87,801.73,Card,4,3243.6,False,False,False,False,2025,8,Aug,Sunday,24.72
ORD1622,2025-08-27,C0622,Vijay Yadav,Female,23,Salem,South,Snacks,Biscuits Pack,8,562,10,4046.4,2494.72,1551.68,UPI,4,4046.4,False,False,False,False,2025,8,Aug,Wednesday,38.35
ORD1409,2025-08-27,C0409,Harini Paul,Male,59,Bangalore,West,Dairy,Cheese,2,518,15,880.6,633.82,246.78,Card,1,880.6,False,False,False,False,2025,8,Aug,Wednesday,28.02
ORD1128,2025-08-28,C0128,Sneha Verma,Male,40,Kochi,South,Household,Detergent,8,671,10,4831.2,3860.53,970.67,Cash,1,4831.2,False,False,False,False,2025,8,Aug,Thursday,20.09
ORD1538,2025-08-29,C0538,Lakshmi Verma,Female,57,Madurai,South,Personal Care,Shampoo,7,426,5,2832.9,2198.81,634.09,Card,3,2832.9,False,False,False,False,2025,8,Aug,Friday,22.38
ORD2000,2025-08-31,C1000,Aarthi Verma,Female,51,Hyderabad,East,Grocery,Cooking Oil 1L,4,326,5,1238.8,867.99,370.81,Cash,4,1238.8,False,False,False,False,2025,8,Aug,Sunday,29.93
ORD1569,2025-08-31,C0569,Vignesh Kumar,Male,56,Chennai,South,Fruits,Apple 1Kg,1,659,0,659.0,404.77,254.23,Cash,1,659.0,False,False,False,False,2025,8,Aug,Sunday,38.58
ORD1336,2025-08-31,C0336,Vignesh Gupta,Female,37,Madurai,South,Personal Care,Toothpaste,1,548,10,493.2,365.15,128.05,Cash,1,493.2,False,False,False,False,2025,8,Aug,Sunday,25.96
ORD1480,2025-09-02,C0480,Priya Raj,Male,51,Kochi,South,Vegetables,Potato 2Kg,7,25,0,175.0,148.0,27.0,UPI,3,175.0,False,False,False,False,2025,9,Sep,Tuesday,15.43
ORD1348,2025-09-02,C0348,Karthik Joseph,Female,45,Chennai,South,Snacks,Biscuits Pack,5,322,15,1368.5,1070.11,298.39,Cash,2,1368.5,False,False,False,False,2025,9,Sep,Tuesday,21.8
ORD1558,2025-09-03,C0558,Sneha Patel,Female,64,Salem,South,Personal Care,Soap Pack,5,196,0,980.0,758.29,221.71,Cash,3,980.0,False,False,False,False,2025,9,Sep,Wednesday,22.62
ORD1455,2025-09-03,C0455,Rohit Singh,Male,18,Kochi,South,Grocery,Cooking Oil 1L,5,34,15,144.5,115.53,28.97,Cash,3,144.5,False,False,False,False,2025,9,Sep,Wednesday,20.05
ORD1819,2025-09-04,C0819,Meena Rao,Female,65,Hyderabad,East,Dairy,Milk 1L,4,682,0,2728.0,1799.16,928.84,Card,2,2728.0,False,False,False,False,2025,9,Sep,Thursday,34.05
ORD1013,2025-09-05,C0013,Swathi Singh,Female,49,Bangalore,West,Dairy,Milk 1L,3,577,20,1384.8,1148.86,235.94,UPI,1,1384.8,False,False,False,False,2025,9,Sep,Friday,17.04
ORD1957,2025-09-07,C0957,Priya Mohan,Female,31,Trichy,South,Beverages,Coffee Powder,4,455,20,1456.0,1155.48,300.52,Card,2,1456.0,False,False,False,False,2025,9,Sep,Sunday,20.64
ORD1662,2025-09-07,C0662,Prakash Gupta,Male,43,Salem,South,Dairy,Cheese,5,686,5,3258.5,2164.01,1094.49,UPI,1,3258.5,False,False,False,False,2025,9,Sep,Sunday,33.59
ORD1373,2025-09-08,C0373,Meena Menon,Female,62,Bangalore,West,Fruits,Banana Dozen,5,488,5,2318.0,1470.88,847.12,Cash,3,2318.0,False,False,False,False,2025,9,Sep,Monday,36.55
ORD1869,2025-09-08,C0869,Kavya Menon,Male,55,Trichy,South,Dairy,Milk 1L,3,331,5,943.35,791.81,151.54,Card,3,943.35,False,False,False,False,2025,9,Sep,Monday,16.06
ORD1872,2025-09-10,C0872,Priya Singh,Male,22,Coimbatore,South,Snacks,Chips Pack,6,469,15,2391.9,1450.63,941.27,Card,1,2391.9,False,False,False,False,2025,9,Sep,Wednesday,39.35
ORD1949,2025-09-10,C0949,Rohit Kannan,Female,31,Trichy,South,Personal Care,Soap Pack,7,361,0,2527.0,1716.64,810.36,Cash,4,2527.0,False,False,False,False,2025,9,Sep,Wednesday,32.07
ORD1840,2025-09-10,C0840,Shalini Gupta,Female,39,Mumbai,West,Personal Care,Toothpaste,5,522,15,2218.5,1750.9,467.6,Card,3,2218.5,False,False,False,False,2025,9,Sep,Wednesday,21.08
ORD1407,2025-09-10,C0407,Rohit Singh,Male,50,Hyderabad,East,Dairy,Yogurt Pack,6,378,15,1927.8,1538.7,389.1,UPI,4,1927.8,False,False,False,False,2025,9,Sep,Wednesday,20.18
ORD1980,2025-09-10,C0980,Rahul Singh,Female,43,Chennai,South,Household,Detergent,9,284,20,2044.8,1436.37,608.43,UPI,1,2044.8,False,False,False,False,2025,9,Sep,Wednesday,29.75
ORD1166,2025-09-11,C0166,Priya Menon,Female,54,Delhi,North,Beverages,Tea Powder,10,182,5,1729.0,1322.14,406.86,UPI,1,1729.0,False,False,False,False,2025,9,Sep,Thursday,23.53
ORD1328,2025-09-11,C0328,Lakshmi Paul,Male,30,Salem,South,Dairy,Milk 1L,8,353,10,2541.6,1988.04,553.56,Card,2,2541.6,False,False,False,False,2025,9,Sep,Thursday,21.78
ORD1414,2025-09-12,C0414,Swathi Krishnan,Male,29,Mumbai,West,Grocery,Wheat Flour 10Kg,9,725,15,5546.25,4473.76,1072.49,Card,5,5546.25,False,False,False,False,2025,9,Sep,Friday,19.34
ORD1352,2025-09-12,C0352,Rahul Joseph,Male,44,Hyderabad,East,Grocery,Sugar 5Kg,2,703,20,1124.8,750.8,374.0,UPI,5,1124.8,False,False,False,False,2025,9,Sep,Friday,33.25
ORD1197,2025-09-12,C0197,Dinesh Sharma,Female,44,Trichy,South,Vegetables,Onion 1Kg,4,161,15,547.4,349.4,198.0,Cash,5,547.4,False,False,False,False,2025,9,Sep,Friday,36.17
ORD1827,2025-09-12,C0827,Divya Menon,Female,22,Kochi,South,Fruits,Banana Dozen,5,489,10,2200.5,1526.68,673.82,Card,2,2200.5,False,False,False,False,2025,9,Sep,Friday,30.62
ORD1015,2025-09-13,C0015,Manoj Kumar,Female,31,Kochi,South,Snacks,Namkeen,9,194,10,1571.4,1150.14,421.26,Cash,2,1571.4,False,False,False,False,2025,9,Sep,Saturday,26.81
ORD1272,2025-09-14,C0272,Rahul Gupta,Female,62,Pune,West,Dairy,Cheese,2,279,20,446.4,334.91,111.49,UPI,3,446.4,False,False,False,False,2025,9,Sep,Sunday,24.98
ORD1516,2025-09-14,C0516,Prakash Paul,Female,33,Kochi,South,Fruits,Apple 1Kg,8,535,20,3424.0,2745.58,678.42,UPI,5,3424.0,False,False,False,False,2025,9,Sep,Sunday,19.81
ORD1080,2025-09-15,C0080,Sanjay Mohan,Male,63,Kochi,South,Snacks,Chips Pack,8,149,0,1192.0,1005.2,186.8,UPI,3,1192.0,False,False,False,False,2025,9,Sep,Monday,15.67
ORD1144,2025-09-15,C0144,Rahul Rao,Female,25,Salem,South,Beverages,Coffee Powder,4,178,20,569.6,475.65,93.95,Card,2,569.6,False,False,False,False,2025,9,Sep,Monday,16.49
ORD1099,2025-09-16,C0099,Nisha Menon,Male,59,Kochi,South,Beverages,Tea Powder,1,659,20,527.2,359.55,167.65,UPI,4,527.2,False,False,False,False,2025,9,Sep,Tuesday,31.8
ORD1942,2025-09-17,C0942,Keerthana Yadav,Male,27,Delhi,North,Fruits,Banana Dozen,7,65,15,386.75,255.17,131.58,Cash,4,386.75,False,False,False,False,2025,9,Sep,Wednesday,34.02
ORD1369,2025-09-17,C0369,Vignesh Kannan,Male,30,Coimbatore,South,Beverages,Coffee Powder,8,168,15,1142.4,715.99,426.41,UPI,4,1142.4,False,False,False,False,2025,9,Sep,Wednesday,37.33
ORD1309,2025-09-18,C0309,Priya Singh,Male,58,Chennai,South,Personal Care,Toothpaste,3,641,10,1730.7,1436.93,293.77,Cash,1,1730.7,False,False,False,False,2025,9,Sep,Thursday,16.97
ORD1710,2025-09-18,C0710,Harini Babu,Female,32,Kochi,South,Fruits,Apple 1Kg,7,522,20,2923.2,2185.85,737.35,Cash,1,2923.2,False,False,False,False,2025,9,Sep,Thursday,25.22
ORD1504,2025-09-18,C0504,Kavya Menon,Female,56,Madurai,South,Snacks,Biscuits Pack,3,214,0,642.0,507.57,134.43,Cash,5,642.0,False,False,False,False,2025,9,Sep,Thursday,20.94
ORD1028,2025-09-18,C0028,Shalini Babu,Male,60,Salem,South,Dairy,Cheese,3,473,20,1135.2,880.78,254.42,Cash,3,1135.2,False,False,False,False,2025,9,Sep,Thursday,22.41
ORD1385,2025-09-20,C0385,Pooja Rao,Male,20,Pune,West,Grocery,Rice 5Kg,6,481,5,2741.7,2264.98,476.72,Cash,3,2741.7,False,False,False,False,2025,9,Sep,Saturday,17.39
ORD1422,2025-09-20,C0422,Swathi Nair,Male,28,Trichy,South,Snacks,Biscuits Pack,9,435,10,3523.5,2819.55,703.95,Card,1,3523.5,False,False,False,False,2025,9,Sep,Saturday,19.98
ORD1314,2025-09-20,C0314,Rahul Babu,Female,63,Madurai,South,Snacks,Namkeen,9,120,10,972.0,727.55,244.45,UPI,4,972.0,False,False,False,False,2025,9,Sep,Saturday,25.15
ORD1425,2025-09-21,C0425,Ravi Rao,Male,61,Chennai,South,Fruits,Apple 1Kg,10,547,20,4376.0,3389.7,986.3,UPI,3,4376.0,False,False,False,False,2025,9,Sep,Sunday,22.54
ORD1526,2025-09-22,C0526,Lakshmi Singh,Male,29,Madurai,South,Vegetables,Tomato 1Kg,6,374,15,1907.4,1489.87,417.53,UPI,3,1907.4,False,False,False,False,2025,9,Sep,Monday,21.89
ORD1491,2025-09-23,C0491,Hari Verma,Female,57,Pune,West,Vegetables,Onion 1Kg,1,337,5,320.15,271.14,49.01,UPI,4,320.15,False,False,False,False,2025,9,Sep,Tuesday,15.31
ORD1705,2025-09-23,C0705,Aarthi Das,Female,62,Hyderabad,East,Household,Cleaner,10,768,15,6528.0,4410.97,2117.03,Cash,4,6528.0,False,False,True,True,2025,9,Sep,Tuesday,32.43
ORD1123,2025-09-24,C0123,Nisha Sharma,Female,62,Hyderabad,East,Fruits,Apple 1Kg,1,357,5,339.15,271.43,67.72,Card,1,339.15,False,False,False,False,2025,9,Sep,Wednesday,19.97
ORD1716,2025-09-24,C0716,Prakash Krishnan,Male,25,Mumbai,West,Snacks,Biscuits Pack,1,90,10,81.0,57.32,23.68,Cash,2,81.0,False,False,False,False,2025,9,Sep,Wednesday,29.23
ORD1495,2025-09-24,C0495,Aarthi Menon,Female,21,Coimbatore,South,Grocery,Sugar 5Kg,1,315,5,299.25,238.59,60.66,Card,1,299.25,False,False,False,False,2025,9,Sep,Wednesday,20.27
ORD1678,2025-09-24,C0678,Deepa Menon,Female,56,Kochi,South,Dairy,Milk 1L,4,293,5,1113.4,681.9,431.5,Card,2,1113.4,False,False,False,False,2025,9,Sep,Wednesday,38.76
ORD1466,2025-09-25,C0466,Ajay Patel,Female,58,Madurai,South,Snacks,Chips Pack,4,186,15,632.4,393.89,238.51,UPI,1,632.4,False,False,False,False,2025,9,Sep,Thursday,37.72
ORD1582,2025-09-25,C0582,Aakash Paul,Male,33,Chennai,South,Dairy,Milk 1L,3,525,0,1575.0,1130.54,444.46,Cash,2,1575.0,False,False,False,False,2025,9,Sep,Thursday,28.22
ORD1025,2025-09-26,C0025,Aarthi Raj,Male,44,Madurai,South,Dairy,Cheese,10,277,20,2216.0,1658.96,557.04,Cash,5,2216.0,False,False,False,False,2025,9,Sep,Friday,25.14
ORD1367,2025-09-26,C0367,Sneha Babu,Female,63,Chennai,South,Vegetables,Potato 2Kg,4,490,10,1764.0,1305.43,458.57,Cash,3,1764.0,False,False,False,False,2025,9,Sep,Friday,26.0
ORD1342,2025-09-27,C0342,Ajay Mohan,Male,48,Madurai,South,Fruits,Banana Dozen,8,79,20,505.6,376.71,128.89,UPI,5,505.6,False,False,False,False,2025,9,Sep,Saturday,25.49
ORD1350,2025-09-30,C0350,Lakshmi Kannan,Male,56,Bangalore,West,Snacks,Biscuits Pack,1,409,10,368.1,291.83,76.27,UPI,1,368.1,False,False,False,False,2025,9,Sep,Tuesday,20.72
ORD1109,2025-10-01,C0109,Swathi Iyer,Female,42,Bangalore,West,Beverages,Coffee Powder,10,176,0,1760.0,1111.52,648.48,Cash,5,1760.0,False,False,False,False,2025,10,Oct,Wednesday,36.85
ORD1837,2025-10-01,C0837,Sanjay Paul,Male,58,Coimbatore,South,Dairy,Milk 1L,4,290,15,986.0,700.24,285.76,UPI,1,986.0,False,False,False,False,2025,10,Oct,Wednesday,28.98
ORD1127,2025-10-01,C0127,Nisha Gupta,Female,58,Delhi,North,Household,Cleaner,8,722,20,4620.8,3515.26,1105.54,Card,2,4620.8,False,False,False,False,2025,10,Oct,Wednesday,23.93
ORD1079,2025-10-02,C0079,Sanjay Gupta,Female,21,Trichy,South,Personal Care,Shampoo,9,395,20,2844.0,2244.23,599.77,UPI,3,2844.0,False,False,False,False,2025,10,Oct,Thursday,21.09
ORD1382,2025-10-02,C0382,Manoj Joseph,Female,49,Coimbatore,South,Snacks,Biscuits Pack,6,636,0,3816.0,3027.67,788.33,Cash,5,3816.0,False,False,False,False,2025,10,Oct,Thursday,20.66
ORD1652,2025-10-02,C0652,Deepa Joseph,Female,42,Bangalore,West,Grocery,Wheat Flour 10Kg,6,784,20,3763.2,2283.23,1479.97,UPI,4,3763.2,False,False,False,False,2025,10,Oct,Thursday,39.33
ORD1499,2025-10-02,C0499,Ravi Paul,Female,42,Salem,South,Vegetables,Onion 1Kg,4,538,10,1936.8,1555.2,381.6,UPI,5,1936.8,False,False,False,False,2025,10,Oct,Thursday,19.7
ORD1529,2025-10-03,C0529,Vignesh Reddy,Male,54,Coimbatore,South,Vegetables,Tomato 1Kg,5,56,10,252.0,213.17,38.83,Cash,4,252.0,False,False,False,False,2025,10,Oct,Friday,15.41
ORD1400,2025-10-03,C0400,Sanjay Nair,Male,64,Coimbatore,South,Beverages,Juice Pack,9,226,10,1830.6,1434.07,396.53,UPI,1,1830.6,False,False,False,False,2025,10,Oct,Friday,21.66
ORD1812,2025-10-03,C0812,Sneha Verma,Male,57,Hyderabad,East,Snacks,Biscuits Pack,9,135,10,1093.5,744.31,349.19,UPI,5,1093.5,False,False,False,False,2025,10,Oct,Friday,31.93
ORD1763,2025-10-03,C0763,Aarthi Paul,Male,19,Trichy,South,Personal Care,Shampoo,4,193,10,694.8,470.87,223.93,Card,4,694.8,False,False,False,False,2025,10,Oct,Friday,32.23
ORD1095,2025-10-04,C0095,Keerthana Kumar,Male,37,Trichy,South,Dairy,Yogurt Pack,10,281,5,2669.5,2020.98,648.52,Card,1,2669.5,False,False,False,False,2025,10,Oct,Saturday,24.29
ORD1261,2025-10-04,C0261,Hari Rao,Female,42,Hyderabad,East,Dairy,Yogurt Pack,8,170,20,1088.0,824.81,263.19,Card,1,1088.0,False,False,False,False,2025,10,Oct,Saturday,24.19
ORD1527,2025-10-04,C0527,Aakash Reddy,Female,52,Kochi,South,Vegetables,Onion 1Kg,8,61,5,463.6,333.97,129.63,Card,4,463.6,False,False,False,False,2025,10,Oct,Saturday,27.96
ORD1043,2025-10-06,C0043,Rohit Sharma,Male,63,Trichy,South,Grocery,Rice 5Kg,8,650,0,5200.0,3712.04,1487.96,Cash,4,5200.0,False,False,False,False,2025,10,Oct,Monday,28.61
ORD1443,2025-10-06,C0443,Rohit Gupta,Male,46,Coimbatore,South,Personal Care,Shampoo,1,245,10,220.5,158.57,61.93,Cash,3,220.5,False,False,False,False,2025,10,Oct,Monday,28.09
ORD1709,2025-10-07,C0709,Vijay Singh,Female,44,Delhi,North,Dairy,Cheese,7,77,10,485.1,292.01,193.09,Card,5,485.1,False,False,False,False,2025,10,Oct,Tuesday,39.8
ORD1750,2025-10-09,C0750,Manoj Iyer,Male,55,Salem,South,Grocery,Cooking Oil 1L,10,281,15,2388.5,2029.77,358.73,Cash,3,2388.5,False,False,False,False,2025,10,Oct,Thursday,15.02
ORD1368,2025-10-10,C0368,Pooja Nair,Female,53,Madurai,South,Household,Detergent,4,27,10,97.2,66.95,30.25,Cash,3,97.2,False,False,False,False,2025,10,Oct,Friday,31.12
ORD1370,2025-10-10,C0370,Shalini Reddy,Male,46,Trichy,South,Dairy,Cheese,6,135,15,688.5,421.1,267.4,Card,5,688.5,False,False,False,False,2025,10,Oct,Friday,38.84
ORD1747,2025-10-10,C0747,Divya Krishnan,Male,19,Mumbai,West,Vegetables,Potato 2Kg,7,92,15,547.4,332.4,215.0,Card,5,547.4,False,False,False,False,2025,10,Oct,Friday,39.28
ORD1969,2025-10-11,C0969,Rohit Sharma,Female,29,Delhi,North,Grocery,Rice 5Kg,7,50,5,332.5,281.25,51.25,UPI,2,332.5,False,False,False,False,2025,10,Oct,Saturday,15.41
ORD1727,2025-10-12,C0727,Aakash Joseph,Male,19,Madurai,South,Fruits,Apple 1Kg,9,590,10,4779.0,3490.27,1288.73,UPI,5,4779.0,False,False,False,False,2025,10,Oct,Sunday,26.97
ORD1331,2025-10-12,C0331,Swathi Rao,Male,61,Trichy,South,Grocery,Sugar 5Kg,5,402,15,1708.5,1240.85,467.65,UPI,2,1708.5,False,False,False,False,2025,10,Oct,Sunday,27.37
ORD1966,2025-10-13,C0966,Shalini Krishnan,Female,64,Pune,West,Dairy,Yogurt Pack,7,77,20,431.2,304.98,126.22,UPI,4,431.2,False,False,False,False,2025,10,Oct,Monday,29.27
ORD1411,2025-10-14,C0411,Aarthi Menon,Male,64,Coimbatore,South,Snacks,Chips Pack,9,440,20,3168.0,2668.44,499.56,Cash,3,3168.0,False,False,False,False,2025,10,Oct,Tuesday,15.77
ORD1458,2025-10-14,C0458,Lakshmi Yadav,Female,57,Trichy,South,Fruits,Banana Dozen,2,211,5,400.9,269.56,131.34,Card,3,400.9,False,False,False,False,2025,10,Oct,Tuesday,32.76
ORD1660,2025-10-15,C0660,Keerthana Menon,Female,54,Delhi,North,Grocery,Wheat Flour 10Kg,8,243,15,1652.4,1102.12,550.28,Cash,1,1652.4,False,False,False,False,2025,10,Oct,Wednesday,33.3
ORD1470,2025-10-15,C0470,Pooja Verma,Female,64,Salem,South,Household,Mop Set,9,400,15,3060.0,1836.55,1223.45,UPI,1,3060.0,False,False,False,False,2025,10,Oct,Wednesday,39.98
ORD1628,2025-10-16,C0628,Arun Reddy,Male,50,Hyderabad,East,Fruits,Banana Dozen,6,74,10,399.6,268.9,130.7,UPI,2,399.6,False,False,False,False,2025,10,Oct,Thursday,32.71
ORD1193,2025-10-16,C0193,Divya Sharma,Female,45,Bangalore,West,Snacks,Biscuits Pack,5,606,5,2878.5,1853.39,1025.11,Cash,3,2878.5,False,False,False,False,2025,10,Oct,Thursday,35.61
ORD1446,2025-10-17,C0446,Karthik Singh,Female,44,Salem,South,Personal Care,Toothpaste,8,671,5,5099.6,4166.7,932.9,Cash,5,5099.6,False,False,False,False,2025,10,Oct,Friday,18.29
ORD1988,2025-10-18,C0988,Vijay Paul,Male,41,Chennai,South,Household,Cleaner,7,330,15,1963.5,1420.27,543.23,Cash,1,1963.5,False,False,False,False,2025,10,Oct,Saturday,27.67
ORD1362,2025-10-18,C0362,Dinesh Singh,Female,27,Pune,West,Beverages,Soft Drink,4,518,10,1864.8,1428.3,436.5,Cash,5,1864.8,False,False,False,False,2025,10,Oct,Saturday,23.41
ORD1473,2025-10-19,C0473,Ravi Das,Female,60,Madurai,South,Grocery,Wheat Flour 10Kg,8,221,0,1768.0,1074.86,693.14,Card,5,1768.0,False,False,False,False,2025,10,Oct,Sunday,39.2
ORD1218,2025-10-19,C0218,Priya Kumar,Female,47,Mumbai,West,Dairy,Cheese,6,288,15,1468.8,1236.18,232.62,UPI,3,1468.8,False,False,False,False,2025,10,Oct,Sunday,15.84
ORD1932,2025-10-19,C0932,Priya Raj,Male,56,Chennai,South,Household,Cleaner,5,138,5,655.5,403.13,252.37,UPI,5,655.5,False,False,False,False,2025,10,Oct,Sunday,38.5
ORD1672,2025-10-21,C0672,Rohit Gupta,Female,20,Salem,South,Beverages,Tea Powder,4,189,15,642.6,486.99,155.61,Card,1,642.6,False,False,False,False,2025,10,Oct,Tuesday,24.22
ORD1914,2025-10-22,C0914,Vijay Gupta,Female,24,Coimbatore,South,Dairy,Milk 1L,2,461,5,875.9,625.18,250.72,Cash,5,875.9,False,False,False,False,2025,10,Oct,Wednesday,28.62
ORD1831,2025-10-22,C0831,Deepa Rao,Male,34,Kochi,South,Dairy,Milk 1L,1,395,0,395.0,305.88,89.12,Cash,4,395.0,False,False,False,False,2025,10,Oct,Wednesday,22.56
ORD1963,2025-10-22,C0963,Harini Reddy,Female,18,Kochi,South,Beverages,Tea Powder,2,384,15,652.8,459.07,193.73,Card,2,652.8,False,False,False,False,2025,10,Oct,Wednesday,29.68
ORD1610,2025-10-23,C0610,Sanjay Rao,Female,49,Mumbai,West,Grocery,Wheat Flour 10Kg,6,446,20,2140.8,1467.94,672.86,Cash,5,2140.8,False,False,False,False,2025,10,Oct,Thursday,31.43
ORD1456,2025-10-23,C0456,Kavya Menon,Female,42,Mumbai,West,Dairy,Cheese,7,429,5,2852.85,1828.16,1024.69,UPI,3,2852.85,False,False,False,False,2025,10,Oct,Thursday,35.92
ORD1577,2025-10-24,C0577,Rahul Gupta,Male,41,Pune,West,Vegetables,Potato 2Kg,5,435,0,2175.0,1648.8,526.2,Cash,3,2175.0,False,False,False,False,2025,10,Oct,Friday,24.19
ORD1653,2025-10-25,C0653,Vijay Singh,Female,55,Hyderabad,East,Vegetables,Potato 2Kg,6,82,5,467.4,309.37,158.03,UPI,1,467.4,False,False,False,False,2025,10,Oct,Saturday,33.81
ORD1081,2025-10-25,C0081,Divya Das,Male,49,Madurai,South,Grocery,Cooking Oil 1L,4,141,15,479.4,401.15,78.25,Cash,3,479.4,False,False,False,False,2025,10,Oct,Saturday,16.32
ORD1057,2025-10-25,C0057,Rahul Verma,Female,18,Bangalore,West,Beverages,Coffee Powder,9,463,10,3750.3,2314.83,1435.47,Card,4,3750.3,False,False,False,False,2025,10,Oct,Saturday,38.28
ORD1711,2025-10-25,C0711,Harini Rao,Female,48,Delhi,North,Grocery,Cooking Oil 1L,6,591,0,3546.0,2365.05,1180.95,UPI,4,3546.0,False,False,False,False,2025,10,Oct,Saturday,33.3
ORD1600,2025-10-25,C0600,Manoj Joseph,Male,19,Hyderabad,East,Beverages,Coffee Powder,4,160,10,576.0,388.19,187.81,Card,3,576.0,False,False,False,False,2025,10,Oct,Saturday,32.61
ORD1215,2025-10-26,C0215,Manoj Raj,Female,37,Mumbai,West,Personal Care,Shampoo,6,314,15,1601.4,1147.5,453.9,Card,3,1601.4,False,False,False,False,2025,10,Oct,Sunday,28.34
ORD1266,2025-10-26,C0266,Divya Paul,Male,21,Madurai,South,Snacks,Chips Pack,6,281,0,1686.0,1168.33,517.67,Card,3,1686.0,False,False,False,False,2025,10,Oct,Sunday,30.7
ORD1542,2025-10-27,C0542,Pooja Mohan,Male,37,Madurai,South,Snacks,Namkeen,7,756,0,5292.0,3606.33,1685.67,Cash,4,5292.0,False,False,False,False,2025,10,Oct,Monday,31.85
ORD1447,2025-10-30,C0447,Pooja Joseph,Female,63,Madurai,South,Personal Care,Shampoo,3,376,5,1071.6,726.94,344.66,Card,5,1071.6,False,False,False,False,2025,10,Oct,Thursday,32.16
ORD1925,2025-10-31,C0925,Karthik Verma,Male,42,Hyderabad,East,Personal Care,Soap Pack,10,676,10,6084.0,3860.63,2223.37,Card,5,6084.0,False,False,False,True,2025,10,Oct,Friday,36.54
ORD1365,2025-10-31,C0365,Keerthana Kumar,Male,24,Kochi,South,Household,Detergent,8,348,0,2784.0,2352.95,431.05,Card,4,2784.0,False,False,False,False,2025,10,Oct,Friday,15.48
ORD1195,2025-10-31,C0195,Suresh Gupta,Female,62,Bangalore,West,Household,Mop Set,5,621,20,2484.0,1497.5,986.5,UPI,1,2484.0,False,False,False,False,2025,10,Oct,Friday,39.71
ORD1835,2025-11-01,C0835,Aarthi Joseph,Female,64,Chennai,South,Snacks,Chips Pack,2,96,15,163.2,119.34,43.86,Card,2,163.2,False,False,False,False,2025,11,Nov,Saturday,26.88
ORD1126,2025-11-02,C0126,Karthik Yadav,Male,29,Coimbatore,South,Dairy,Milk 1L,5,227,5,1078.25,809.33,268.92,Cash,4,1078.25,False,False,False,False,2025,11,Nov,Sunday,24.94
ORD1302,2025-11-03,C0302,Kavya Yadav,Male,35,Bangalore,West,Household,Cleaner,10,263,5,2498.5,1561.65,936.85,Cash,1,2498.5,False,False,False,False,2025,11,Nov,Monday,37.5
ORD1148,2025-11-03,C0148,Nisha Sharma,Male,55,Chennai,South,Vegetables,Potato 2Kg,6,94,10,507.6,335.16,172.44,Cash,3,507.6,False,False,False,False,2025,11,Nov,Monday,33.97
ORD1981,2025-11-03,C0981,Vijay Reddy,Female,41,Hyderabad,East,Snacks,Chips Pack,3,391,5,1114.35,688.85,425.5,UPI,3,1114.35,False,False,False,False,2025,11,Nov,Monday,38.18
ORD1115,2025-11-04,C0115,Prakash Patel,Female,19,Mumbai,West,Dairy,Cheese,10,653,20,5224.0,3168.69,2055.31,UPI,3,5224.0,False,False,False,True,2025,11,Nov,Tuesday,39.34
ORD1035,2025-11-06,C0035,Sanjay Das,Male,43,Kochi,South,Dairy,Milk 1L,6,337,5,1920.9,1259.59,661.31,Card,3,1920.9,False,False,False,False,2025,11,Nov,Thursday,34.43
ORD1421,2025-11-06,C0421,Rohit Reddy,Male,65,Salem,South,Household,Mop Set,10,377,15,3204.5,2512.15,692.35,UPI,4,3204.5,False,False,False,False,2025,11,Nov,Thursday,21.61
ORD1970,2025-11-06,C0970,Kavya Rao,Male,35,Mumbai,West,Fruits,Apple 1Kg,4,768,15,2611.2,2069.63,541.57,UPI,2,2611.2,False,False,False,False,2025,11,Nov,Thursday,20.74
ORD1318,2025-11-07,C0318,Dinesh Patel,Female,23,Madurai,South,Beverages,Soft Drink,5,432,15,1836.0,1326.1,509.9,Cash,5,1836.0,False,False,False,False,2025,11,Nov,Friday,27.77
ORD1118,2025-11-08,C0118,Arun Menon,Female,49,Coimbatore,South,Grocery,Wheat Flour 10Kg,10,75,0,750.0,501.02,248.98,Cash,4,750.0,False,False,False,False,2025,11,Nov,Saturday,33.2
ORD1357,2025-11-10,C0357,Arun Krishnan,Male,39,Madurai,South,Personal Care,Toothpaste,2,71,0,142.0,115.45,26.55,Card,4,142.0,False,False,False,False,2025,11,Nov,Monday,18.7
ORD1721,2025-11-11,C0721,Keerthana Kumar,Male,27,Salem,South,Snacks,Biscuits Pack,6,757,15,3860.7,2664.5,1196.2,Cash,4,3860.7,False,False,False,False,2025,11,Nov,Tuesday,30.98
ORD1799,2025-11-11,C0799,Ravi Joseph,Female,28,Coimbatore,South,Personal Care,Shampoo,4,342,15,1162.8,935.44,227.36,Cash,5,1162.8,False,False,False,False,2025,11,Nov,Tuesday,19.55
ORD1039,2025-11-13,C0039,Prakash Krishnan,Female,38,Bangalore,West,Vegetables,Onion 1Kg,2,762,10,1371.6,996.85,374.75,Card,3,1371.6,False,False,False,False,2025,11,Nov,Thursday,27.32
ORD1464,2025-11-13,C0464,Manoj Singh,Male,25,Kochi,South,Beverages,Juice Pack,5,228,10,1026.0,843.25,182.75,UPI,4,1026.0,False,False,False,False,2025,11,Nov,Thursday,17.81
ORD1635,2025-11-14,C0635,Harini Mohan,Male,24,Kochi,South,Grocery,Rice 5Kg,2,284,0,568.0,350.21,217.79,UPI,5,568.0,False,False,False,False,2025,11,Nov,Friday,38.34
ORD1375,2025-11-14,C0375,Karthik Joseph,Female,61,Madurai,South,Vegetables,Onion 1Kg,6,600,15,3060.0,2281.85,778.15,Cash,5,3060.0,False,False,False,False,2025,11,Nov,Friday,25.43
ORD1581,2025-11-14,C0581,Divya Kumar,Female,61,Chennai,South,Vegetables,Onion 1Kg,7,146,5,970.9,778.44,192.46,Cash,2,970.9,False,False,False,False,2025,11,Nov,Friday,19.82
ORD1494,2025-11-15,C0494,Vijay Reddy,Male,42,Kochi,South,Fruits,Orange 1Kg,10,772,5,7334.0,5674.81,1659.19,Cash,5,7334.0,False,False,True,False,2025,11,Nov,Saturday,22.62
ORD1544,2025-11-16,C0544,Arun Sharma,Male,65,Delhi,North,Personal Care,Soap Pack,6,582,5,3317.4,2133.99,1183.41,Cash,5,3317.4,False,False,False,False,2025,11,Nov,Sunday,35.67
ORD1994,2025-11-17,C0994,Priya Joseph,Male,47,Madurai,South,Dairy,Yogurt Pack,2,531,0,1062.0,693.61,368.39,Card,2,1062.0,False,False,False,False,2025,11,Nov,Monday,34.69
ORD1739,2025-11-17,C0739,Aakash Patel,Female,65,Hyderabad,East,Beverages,Soft Drink,4,429,10,1544.4,1135.52,408.88,Card,1,1544.4,False,False,False,False,2025,11,Nov,Monday,26.48
ORD1135,2025-11-17,C0135,Divya Joseph,Female,50,Hyderabad,East,Fruits,Orange 1Kg,6,155,20,744.0,463.78,280.22,Card,1,744.0,False,False,False,False,2025,11,Nov,Monday,37.66
ORD1670,2025-11-18,C0670,Meena Das,Male,34,Pune,West,Fruits,Apple 1Kg,10,60,0,600.0,463.6,136.4,Cash,4,600.0,False,False,False,False,2025,11,Nov,Tuesday,22.73
ORD1026,2025-11-18,C0026,Pooja Kannan,Female,47,Trichy,South,Vegetables,Potato 2Kg,6,269,10,1452.6,1015.29,437.31,Card,1,1452.6,False,False,False,False,2025,11,Nov,Tuesday,30.11
ORD1374,2025-11-19,C0374,Sneha Kumar,Male,63,Trichy,South,Dairy,Milk 1L,10,756,10,6804.0,5250.33,1553.67,Cash,2,6804.0,False,False,True,False,2025,11,Nov,Wednesday,22.83
ORD1390,2025-11-20,C0390,Nisha Iyer,Male,52,Kochi,South,Personal Care,Soap Pack,7,468,10,2948.4,1781.49,1166.91,UPI,5,2948.4,False,False,False,False,2025,11,Nov,Thursday,39.58
ORD1445,2025-11-20,C0445,Suresh Iyer,Female,65,Delhi,North,Dairy,Yogurt Pack,9,203,10,1644.3,1132.56,511.74,Card,1,1644.3,False,False,False,False,2025,11,Nov,Thursday,31.12
ORD1607,2025-11-20,C0607,Prakash Rao,Male,30,Mumbai,West,Beverages,Soft Drink,9,324,15,2478.6,1871.93,606.67,Card,1,2478.6,False,False,False,False,2025,11,Nov,Thursday,24.48
ORD1642,2025-11-21,C0642,Aakash Das,Female,61,Trichy,South,Fruits,Banana Dozen,2,512,10,921.6,594.27,327.33,UPI,4,921.6,False,False,False,False,2025,11,Nov,Friday,35.52
ORD1809,2025-11-22,C0809,Ajay Joseph,Male,46,Kochi,South,Fruits,Apple 1Kg,6,207,5,1179.9,918.67,261.23,Cash,1,1179.9,False,False,False,False,2025,11,Nov,Saturday,22.14
ORD1001,2025-11-23,C0001,Aakash Patel,Male,55,Salem,South,Beverages,Coffee Powder,4,253,5,961.4,753.85,207.55,Card,1,961.4,False,False,False,False,2025,11,Nov,Sunday,21.59
ORD1434,2025-11-23,C0434,Meena Paul,Female,57,Bangalore,West,Dairy,Yogurt Pack,3,134,0,402.0,333.68,68.32,UPI,5,402.0,False,False,False,False,2025,11,Nov,Sunday,17.0
ORD1618,2025-11-24,C0618,Pooja Verma,Male,50,Trichy,South,Dairy,Cheese,1,110,20,88.0,71.49,16.51,Card,2,88.0,False,False,False,False,2025,11,Nov,Monday,18.76
ORD1361,2025-11-25,C0361,Aarthi Paul,Male,60,Chennai,South,Personal Care,Soap Pack,2,292,10,525.6,316.98,208.62,Card,5,525.6,False,False,False,False,2025,11,Nov,Tuesday,39.69
ORD1155,2025-11-26,C0155,Keerthana Verma,Male,19,Pune,West,Grocery,Rice 5Kg,7,397,20,2223.2,1779.17,444.03,UPI,5,2223.2,False,False,False,False,2025,11,Nov,Wednesday,19.97
ORD1463,2025-11-28,C0463,Manoj Das,Female,38,Madurai,South,Dairy,Cheese,9,706,5,6036.3,4335.31,1700.99,UPI,1,6036.3,False,False,False,False,2025,11,Nov,Friday,28.18
ORD1724,2025-11-28,C0724,Nisha Sharma,Female,64,Chennai,South,Snacks,Namkeen,9,327,15,2501.55,1752.34,749.21,Cash,3,2501.55,False,False,False,False,2025,11,Nov,Friday,29.95
ORD1326,2025-11-28,C0326,Aarthi Kannan,Female,20,Coimbatore,South,Household,Detergent,5,437,5,2075.75,1566.28,509.47,Card,3,2075.75,False,False,False,False,2025,11,Nov,Friday,24.54
ORD1565,2025-11-30,C0565,Karthik Mohan,Male,24,Salem,South,Personal Care,Shampoo,8,416,10,2995.2,2517.29,477.91,Cash,3,2995.2,False,False,False,False,2025,11,Nov,Sunday,15.96
ORD1360,2025-12-01,C0360,Lakshmi Rao,Male,48,Delhi,North,Household,Detergent,7,392,20,2195.2,1332.93,862.27,Card,1,2195.2,False,False,False,False,2025,12,Dec,Monday,39.28
ORD1584,2025-12-01,C0584,Rohit Nair,Male,38,Trichy,South,Dairy,Milk 1L,7,370,15,2201.5,1499.35,702.15,UPI,1,2201.5,False,False,False,False,2025,12,Dec,Monday,31.89
ORD1457,2025-12-02,C0457,Deepa Verma,Female,36,Pune,West,Beverages,Soft Drink,4,554,20,1772.8,1421.6,351.2,Cash,5,1772.8,False,False,False,False,2025,12,Dec,Tuesday,19.81
ORD1149,2025-12-02,C0149,Prakash Rao,Female,62,Bangalore,West,Snacks,Biscuits Pack,9,371,5,3172.05,2561.73,610.32,Card,2,3172.05,False,False,False,False,2025,12,Dec,Tuesday,19.24
ORD1391,2025-12-03,C0391,Vignesh Kumar,Female,56,Madurai,South,Beverages,Coffee Powder,6,539,0,3234.0,2174.73,1059.27,UPI,3,3234.0,False,False,False,False,2025,12,Dec,Wednesday,32.75
ORD1440,2025-12-03,C0440,Aarthi Gupta,Male,24,Kochi,South,Personal Care,Soap Pack,3,610,5,1738.5,1468.72,269.78,Cash,3,1738.5,False,False,False,False,2025,12,Dec,Wednesday,15.52
ORD1860,2025-12-05,C0860,Priya Sharma,Male,59,Chennai,South,Personal Care,Shampoo,2,271,15,460.7,332.7,128.0,Cash,4,460.7,False,False,False,False,2025,12,Dec,Friday,27.78
ORD1816,2025-12-05,C0816,Divya Krishnan,Female,60,Hyderabad,East,Vegetables,Onion 1Kg,3,365,5,1040.25,789.38,250.87,Card,1,1040.25,False,False,False,False,2025,12,Dec,Friday,24.12
ORD1989,2025-12-05,C0989,Hari Reddy,Female,32,Chennai,South,Grocery,Wheat Flour 10Kg,1,167,0,167.0,141.68,25.32,UPI,1,167.0,False,False,False,False,2025,12,Dec,Friday,15.16
ORD1505,2025-12-05,C0505,Swathi Das,Female,26,Trichy,South,Dairy,Yogurt Pack,4,728,0,2912.0,2008.74,903.26,Cash,5,2912.0,False,False,False,False,2025,12,Dec,Friday,31.02
ORD1576,2025-12-06,C0576,Sanjay Raj,Female,25,Hyderabad,East,Household,Mop Set,2,578,5,1098.2,659.83,438.37,Cash,5,1098.2,False,False,False,False,2025,12,Dec,Saturday,39.92
ORD1308,2025-12-06,C0308,Vijay Kumar,Female,26,Pune,West,Vegetables,Tomato 1Kg,10,204,15,1734.0,1173.41,560.59,UPI,1,1734.0,False,False,False,False,2025,12,Dec,Saturday,32.33
ORD1796,2025-12-06,C0796,Hari Paul,Female,19,Coimbatore,South,Fruits,Apple 1Kg,2,716,20,1145.6,738.23,407.37,UPI,2,1145.6,False,False,False,False,2025,12,Dec,Saturday,35.56
ORD1064,2025-12-07,C0064,Swathi Menon,Male,30,Trichy,South,Dairy,Milk 1L,6,147,20,705.6,591.09,114.51,UPI,4,705.6,False,False,False,False,2025,12,Dec,Sunday,16.23
ORD1481,2025-12-07,C0481,Lakshmi Das,Female,53,Trichy,South,Grocery,Sugar 5Kg,4,347,0,1388.0,1100.52,287.48,Cash,5,1388.0,False,False,False,False,2025,12,Dec,Sunday,20.71
ORD1567,2025-12-07,C0567,Divya Babu,Male,38,Trichy,South,Household,Cleaner,10,224,20,1792.0,1226.36,565.64,Cash,1,1792.0,False,False,False,False,2025,12,Dec,Sunday,31.56
ORD1056,2025-12-08,C0056,Dinesh Mohan,Male,24,Pune,West,Fruits,Orange 1Kg,7,431,5,2866.15,1774.14,1092.01,Cash,3,2866.15,False,False,False,False,2025,12,Dec,Monday,38.1
ORD1519,2025-12-09,C0519,Kavya Das,Male,47,Coimbatore,South,Beverages,Soft Drink,3,713,10,1925.1,1449.16,475.94,Cash,5,1925.1,False,False,False,False,2025,12,Dec,Tuesday,24.72
ORD1954,2025-12-10,C0954,Hari Joseph,Female,18,Mumbai,West,Household,Mop Set,3,738,15,1881.9,1296.01,585.89,Cash,5,1881.9,False,False,False,False,2025,12,Dec,Wednesday,31.13
ORD1627,2025-12-10,C0627,Shalini Kannan,Male,40,Coimbatore,South,Grocery,Sugar 5Kg,10,84,5,798.0,542.58,255.42,UPI,1,798.0,False,False,False,False,2025,12,Dec,Wednesday,32.01
ORD1089,2025-12-11,C0089,Ravi Iyer,Female,19,Madurai,South,Fruits,Apple 1Kg,7,125,0,875.0,622.05,252.95,UPI,3,875.0,False,False,False,False,2025,12,Dec,Thursday,28.91
ORD1287,2025-12-11,C0287,Rahul Joseph,Male,39,Hyderabad,East,Snacks,Biscuits Pack,1,263,20,210.4,144.46,65.94,UPI,4,210.4,False,False,False,False,2025,12,Dec,Thursday,31.34
ORD1633,2025-12-11,C0633,Rohit Babu,Male,62,Salem,South,Snacks,Namkeen,1,787,0,787.0,515.95,271.05,UPI,3,787.0,False,False,False,False,2025,12,Dec,Thursday,34.44
ORD1643,2025-12-12,C0643,Nisha Sharma,Male,65,Pune,West,Household,Cleaner,2,147,5,279.3,195.15,84.15,UPI,1,279.3,False,False,False,False,2025,12,Dec,Friday,30.13
ORD1805,2025-12-12,C0805,Swathi Mohan,Female,42,Mumbai,West,Fruits,Apple 1Kg,1,498,0,498.0,307.91,190.09,Card,4,498.0,False,False,False,False,2025,12,Dec,Friday,38.17
ORD1821,2025-12-13,C0821,Sneha Patel,Male,56,Trichy,South,Vegetables,Tomato 1Kg,9,80,5,684.0,547.45,136.55,Card,5,684.0,False,False,False,False,2025,12,Dec,Saturday,19.96
ORD1378,2025-12-13,C0378,Manoj Babu,Female,62,Pune,West,Dairy,Yogurt Pack,9,423,5,3616.65,2631.95,984.7,Cash,1,3616.65,False,False,False,False,2025,12,Dec,Saturday,27.23
ORD1906,2025-12-14,C0906,Nisha Mohan,Male,50,Coimbatore,South,Fruits,Apple 1Kg,1,188,20,150.4,98.43,51.97,Card,5,150.4,False,False,False,False,2025,12,Dec,Sunday,34.55
ORD1629,2025-12-15,C0629,Swathi Reddy,Female,24,Mumbai,West,Beverages,Tea Powder,6,348,10,1879.2,1255.05,624.15,Cash,5,1879.2,False,False,False,False,2025,12,Dec,Monday,33.21
ORD1452,2025-12-15,C0452,Prakash Kumar,Male,55,Kochi,South,Vegetables,Potato 2Kg,9,303,20,2181.6,1551.58,630.02,Cash,4,2181.6,False,False,False,False,2025,12,Dec,Monday,28.88
ORD1751,2025-12-16,C0751,Divya Kannan,Male,26,Mumbai,West,Grocery,Wheat Flour 10Kg,10,96,10,864.0,537.78,326.22,Cash,5,864.0,False,False,False,False,2025,12,Dec,Tuesday,37.76
ORD1931,2025-12-16,C0931,Prakash Kannan,Female,48,Coimbatore,South,Personal Care,Shampoo,8,786,5,5973.6,4701.38,1272.22,Card,3,5973.6,False,False,False,False,2025,12,Dec,Tuesday,21.3
ORD1896,2025-12-17,C0896,Ajay Nair,Male,32,Madurai,South,Grocery,Wheat Flour 10Kg,1,414,15,351.9,257.32,94.58,Card,4,351.9,False,False,False,False,2025,12,Dec,Wednesday,26.88
ORD1561,2025-12-18,C0561,Rohit Verma,Male,49,Coimbatore,South,Snacks,Namkeen,8,403,5,3062.8,2037.72,1025.08,UPI,5,3062.8,False,False,False,False,2025,12,Dec,Thursday,33.47
ORD1034,2025-12-19,C0034,Priya Singh,Male,42,Bangalore,West,Grocery,Wheat Flour 10Kg,7,710,5,4721.5,3147.83,1573.67,UPI,4,4721.5,False,False,False,False,2025,12,Dec,Friday,33.33
ORD1279,2025-12-19,C0279,Ravi Mohan,Male,28,Pune,West,Grocery,Sugar 5Kg,3,147,0,441.0,342.65,98.35,Card,3,441.0,False,False,False,False,2025,12,Dec,Friday,22.3
ORD1063,2025-12-20,C0063,Pooja Menon,Female,35,Mumbai,West,Household,Cleaner,6,460,20,2208.0,1507.4,700.6,Card,3,2208.0,False,False,False,False,2025,12,Dec,Saturday,31.73
ORD1259,2025-12-21,C0259,Sanjay Gupta,Female,36,Salem,South,Vegetables,Onion 1Kg,10,576,5,5472.0,3725.96,1746.04,Cash,3,5472.0,False,False,False,True,2025,12,Dec,Sunday,31.91
ORD1196,2025-12-21,C0196,Vijay Krishnan,Female,62,Salem,South,Beverages,Soft Drink,3,440,20,1056.0,877.3,178.7,UPI,3,1056.0,False,False,False,False,2025,12,Dec,Sunday,16.92
ORD1121,2025-12-21,C0121,Arun Sharma,Male,50,Kochi,South,Beverages,Coffee Powder,7,204,5,1356.6,942.91,413.69,Cash,3,1356.6,False,False,False,False,2025,12,Dec,Sunday,30.49
ORD1754,2025-12-21,C0754,Arun Raj,Female,43,Chennai,South,Household,Detergent,3,448,20,1075.2,885.77,189.43,Cash,1,1075.2,False,False,False,False,2025,12,Dec,Sunday,17.62
ORD1536,2025-12-22,C0536,Rohit Babu,Female,54,Mumbai,West,Beverages,Tea Powder,6,587,10,3169.8,2116.68,1053.12,UPI,2,3169.8,False,False,False,False,2025,12,Dec,Monday,33.22
ORD1909,2025-12-23,C0909,Aakash Patel,Female,64,Pune,West,Grocery,Sugar 5Kg,10,402,10,3618.0,2246.1,1371.9,UPI,4,3618.0,False,False,False,False,2025,12,Dec,Tuesday,37.92
ORD1071,2025-12-24,C0071,Aarthi Joseph,Female,62,Delhi,North,Household,Cleaner,8,323,0,2584.0,1699.93,884.07,Card,1,2584.0,False,False,False,False,2025,12,Dec,Wednesday,34.21
ORD1513,2025-12-25,C0513,Anitha Rao,Female,64,Madurai,South,Beverages,Coffee Powder,8,674,10,4852.8,3015.17,1837.63,Cash,5,4852.8,False,False,False,True,2025,12,Dec,Thursday,37.87
ORD1889,2025-12-27,C0889,Prakash Sharma,Male,25,Bangalore,West,Snacks,Biscuits Pack,7,30,10,189.0,155.15,33.85,UPI,3,189.0,False,False,False,False,2025,12,Dec,Saturday,17.91
ORD1944,2025-12-28,C0944,Prakash Patel,Female,34,Delhi,North,Beverages,Juice Pack,6,386,0,2316.0,1430.79,885.21,Card,3,2316.0,False,False,False,False,2025,12,Dec,Sunday,38.22
ORD1140,2025-12-29,C0140,Priya Babu,Male,36,Chennai,South,Snacks,Chips Pack,8,405,20,2592.0,2160.62,431.38,UPI,2,2592.0,False,False,False,False,2025,12,Dec,Monday,16.64
ORD1993,2025-12-29,C0993,Pooja Kannan,Male,40,Kochi,South,Vegetables,Onion 1Kg,4,119,10,428.4,339.1,89.3,Cash,2,428.4,False,False,False,False,2025,12,Dec,Monday,20.85
ORD1952,2025-12-30,C0952,Anitha Krishnan,Female,44,Madurai,South,Beverages,Tea Powder,5,439,0,2195.0,1480.71,714.29,Cash,2,2195.0,False,False,False,False,2025,12,Dec,Tuesday,32.54
